Ind_ID,GENDER,Car_Owner,Propert_Owner,CHILDREN,Annual_income,Type_Income,EDUCATION,Marital_status,Housing_type,Birthday_count,Employed_days,Mobile_phone,Work_Phone,Phone,EMAIL_ID,Type_Occupation,Family_Members
5008827,1,1,1,0,180000,0,4,2,3,-18772,365243,1,0,0,0,,2
5009744,0,1,0,0,315000,1,4,2,3,-13557,-586,1,1,1,0,,2
5009746,0,1,0,0,315000,1,4,2,3,,-586,1,1,1,0,,2
5009749,0,1,0,0,,1,4,2,3,-13557,-586,1,1,1,0,,2
5009752,0,1,0,0,315000,1,4,2,3,-13557,-586,1,1,1,0,,2
5009753,1,1,0,0,315000,0,4,2,3,-13557,-586,1,1,1,0,,2
5009754,0,1,0,0,315000,1,4,2,3,-13557,-586,1,1,1,0,,2
5009894,0,0,0,0,180000,0,2,2,3,-22134,365243,1,0,0,0,,2
5010864,1,1,1,1,450000,1,2,2,3,-18173,-678,1,0,1,1,1,3
5010868,1,1,1,1,450000,0,2,2,3,-18173,-678,1,0,1,1,1,3
5010869,1,1,1,1,450000,1,2,0,3,-18173,-678,1,0,1,1,1,1
5018498,0,1,1,0,90000,2,2,2,3,-18950,-1002,1,1,1,0,2,2
5018501,0,1,1,0,,2,2,2,3,-18950,-1002,1,1,1,0,2,2
5018503,0,1,1,0,90000,2,2,2,3,-18950,-1002,1,1,1,0,2,2
5021303,1,0,0,1,472500,0,4,2,-1,-8907,-913,1,0,0,1,,3
5021310,1,0,1,0,270000,2,2,2,3,-16896,-248,1,0,0,0,3,2
5021314,1,0,1,0,270000,2,2,0,3,-16896,-248,1,0,0,0,3,2
5021430,0,0,1,0,126000,1,4,0,3,-18907,-2470,1,0,0,0,4,1
5021431,0,0,1,0,126000,1,4,0,3,-18907,-2470,1,0,0,0,4,1
5021998,1,0,1,0,90000,0,2,2,3,-18863,-1644,1,0,0,1,,2
5022053,1,0,0,0,202500,2,4,0,3,-12811,-4327,1,0,0,0,,1
5022617,1,1,1,0,202500,1,2,2,3,-12022,-1674,1,0,0,1,3,2
5023781,1,0,1,0,157500,1,4,2,3,-17800,-1086,1,0,0,0,5,2
5023831,0,0,1,2,112500,1,2,2,3,-12135,-925,1,0,0,0,4,4
5024071,0,0,1,0,180000,2,4,2,3,-15976,-854,1,0,0,0,3,2
5024213,0,1,1,0,540000,1,4,2,3,-15702,-185,1,0,1,0,,2
5024916,0,0,1,0,112500,0,2,2,3,-21832,365243,1,0,1,0,,2
5024917,0,0,1,0,,0,2,2,3,-21832,365243,1,0,1,0,,2
5025127,,0,1,0,292500,2,2,2,3,-11111,-3350,1,0,0,0,6,2
5028580,1,0,0,0,540000,1,4,2,3,-19996,-691,1,0,0,0,7,2
5029028,0,0,1,0,90000,2,1,0,2,-12026,-4770,1,0,0,0,8,2
5029311,0,0,1,0,112500,0,2,2,3,-21876,365243,1,0,1,1,,2
5033453,0,0,0,0,135000,2,4,0,3,-10749,-2394,1,0,0,0,3,1
5033514,0,1,0,1,135000,2,2,2,3,-15952,-384,1,1,0,0,4,3
5033916,1,0,1,0,180000,2,2,2,3,-13015,-3647,1,0,0,0,,2
5036469,1,1,0,0,112500,3,2,0,3,-20333,-1546,1,0,0,0,9,2
5036590,1,1,1,0,292500,2,4,2,3,-21055,-808,1,0,0,0,9,2
5036660,0,1,1,0,76500,0,2,2,3,-23835,365243,1,0,0,0,,2
5036795,1,1,1,0,215100,1,2,2,3,-19175,-1285,1,0,1,0,3,2
5041522,1,1,1,0,450000,1,4,1,3,-16169,-855,1,1,1,0,,1
5042064,0,1,0,2,270000,3,4,2,3,-16053,-7369,1,1,1,0,,4
5045888,0,0,1,0,225000,0,2,0,3,-23286,365243,1,0,0,0,,1
5045894,0,0,1,0,225000,0,2,0,3,-23286,365243,1,0,0,0,,1
5045895,0,0,1,0,225000,0,2,0,3,-23286,365243,1,0,0,0,,1
5046324,0,0,1,1,157500,1,2,0,3,-15466,-2269,1,0,1,0,10,3
5046328,0,0,1,1,157500,0,2,0,3,-15466,-2269,1,0,1,0,10,3
5047662,0,0,1,1,67500,1,2,2,3,-18880,-4114,1,0,0,0,5,3
5048300,1,1,0,1,180000,1,2,2,3,-11091,-1161,1,0,0,0,3,3
5048301,1,1,0,1,180000,1,2,2,3,-11091,-1161,1,0,0,0,3,3
5050603,1,0,0,0,157500,2,2,2,3,-18327,-7288,1,1,0,0,3,2
5050606,1,0,0,0,157500,2,2,2,3,-18327,-7288,1,1,0,0,3,2
5050671,1,0,0,0,171000,1,3,0,3,-11610,-166,1,1,1,0,6,1
5051160,1,1,0,1,135000,2,2,2,3,-9594,-866,1,0,0,0,3,3
5051161,1,1,0,1,135000,2,2,2,3,-9594,-866,1,0,0,0,3,3
5052659,0,0,1,0,103500,2,2,2,3,-10396,-564,1,0,0,1,11,2
5052661,0,0,1,0,103500,2,2,2,3,-10396,-564,1,0,0,1,11,2
5052877,1,1,1,0,225000,2,2,2,3,-17915,-3366,1,0,0,0,9,2
5052879,1,1,1,0,225000,2,2,2,3,-17915,-3366,1,0,0,0,9,2
5052882,1,1,1,0,225000,2,2,2,3,-17915,-3366,1,0,0,0,9,2
5053254,0,1,1,0,180000,1,2,2,3,-18667,-2150,1,1,0,0,7,2
5054063,1,0,0,1,157500,2,2,2,3,-16424,-1458,1,0,0,0,9,3
5054068,1,0,0,1,157500,2,2,2,3,-16424,-1458,1,0,0,0,9,1
5054524,0,0,0,2,180000,2,2,2,3,-16611,-8369,1,0,0,0,,4
5054525,0,0,0,2,180000,2,2,0,3,-16611,-8369,1,0,0,0,,4
5058345,0,0,1,0,99000,0,4,1,3,-24611,365243,1,0,0,0,,1
5058348,0,0,1,0,,0,4,1,3,-24611,365243,1,0,0,0,,1
5058350,1,0,1,0,99000,0,4,1,3,-24611,365243,1,0,0,0,,1
5058352,0,0,1,0,99000,0,4,1,3,-24611,365243,1,0,0,0,,1
5058530,1,0,0,0,391500,2,2,0,1,-9242,-508,1,0,0,0,4,1
5058531,1,0,0,0,391500,2,2,0,1,-9242,-508,1,0,0,0,4,1
5058532,1,0,0,0,391500,2,2,0,1,,-508,1,0,0,0,4,1
5061360,1,0,1,0,65250,0,4,2,3,-20872,365243,1,0,0,0,,2
5061396,1,0,1,0,72900,0,1,2,3,-23423,365243,1,0,0,0,,2
5061636,0,0,1,0,225000,0,2,2,1,-21664,365243,1,0,1,0,,2
5061691,0,0,1,1,67500,1,4,2,3,-9122,-1567,1,0,0,1,12,3
5062136,1,0,0,1,180000,2,2,0,3,-12947,-137,1,0,0,0,3,2
5062137,1,0,1,1,,2,2,0,3,-12947,-137,1,0,0,0,3,2
5065348,0,1,1,0,202500,2,4,2,3,-15160,-3974,1,0,0,0,6,2
5065462,0,0,0,0,157500,1,2,2,3,-19004,-1570,1,0,0,0,,2
5065518,0,1,0,1,202500,2,4,2,2,-9510,-2878,1,0,0,0,3,3
5068389,0,1,1,1,270000,2,4,1,3,-14052,-140,1,0,1,0,4,2
5068456,0,1,0,0,135000,1,2,2,3,-13581,-2576,1,0,0,0,,2
5068651,,1,1,0,360000,3,4,1,3,-19305,-1905,1,0,0,0,1,1
5069216,0,1,1,0,256500,1,4,2,3,-11210,-1724,1,1,0,0,5,2
5069218,0,1,1,0,256500,1,4,0,3,-11210,-1724,1,1,0,0,5,2
5069307,1,0,1,0,157500,2,2,2,3,-15640,-1328,1,0,0,0,1,2
5078820,0,0,0,2,225000,1,2,2,3,-14476,-4987,1,0,0,0,6,4
5078945,0,0,1,2,180000,2,3,1,3,-12253,-3496,1,1,0,0,,3
5078946,0,0,1,2,180000,2,3,1,3,-12253,-3496,1,1,0,0,,3
5079166,1,1,0,0,202500,2,2,2,-1,-13720,-1394,1,0,0,0,3,2
5079167,1,1,0,0,202500,2,2,2,-1,-13720,-1394,1,0,0,0,3,2
5079168,1,1,0,0,202500,2,2,2,-1,-13720,-1394,1,0,0,0,3,2
5085886,1,1,1,0,315000,1,4,2,3,-18661,-1265,1,0,0,0,7,2
5089162,0,1,0,0,225000,2,4,2,3,-20264,-2531,1,1,1,0,5,2
5089959,1,0,1,1,126000,1,2,2,3,-12755,-2105,1,0,0,0,,3
5090166,0,0,1,1,675000,1,2,0,3,-15452,-860,1,0,0,0,13,2
5090214,1,1,1,0,135000,2,2,2,3,-10712,-217,1,0,0,0,3,2
5090216,1,1,1,0,135000,2,2,2,3,-10712,-217,1,0,0,0,3,2
5092087,1,1,1,2,247500,2,2,2,3,-17320,-535,1,0,0,0,3,4
5092245,0,0,0,0,103500,0,2,2,3,-22111,365243,1,0,0,0,,2
5092479,1,0,0,1,85500,3,2,2,1,-15014,-6866,1,0,0,0,1,3
5096527,0,0,0,0,135000,2,2,2,0,-20012,-584,1,0,0,0,1,1
5096528,0,0,0,0,135000,2,2,2,0,-20012,-584,1,0,0,0,1,1
5096743,0,0,1,0,180000,2,1,2,3,-16803,-2227,1,1,1,0,8,1
5097065,0,0,1,0,121500,2,2,2,3,-18971,-8161,1,0,0,0,7,2
5100430,1,1,0,0,180000,2,2,0,3,-16310,-613,1,0,0,0,3,1
5105045,1,0,1,0,225000,0,2,2,3,-22939,365243,1,0,0,0,,1
5105056,1,1,0,0,,1,4,0,1,-11528,-606,1,0,1,1,6,1
5106077,0,0,1,0,135000,1,2,2,3,-19764,-6944,1,0,0,0,14,2
5113621,1,0,0,0,225000,2,2,2,1,-19406,-346,1,0,0,0,13,1
5113933,0,0,0,0,67500,0,2,2,3,-23271,365243,1,0,1,0,,1
5113944,0,1,0,0,135000,0,2,2,3,-23324,365243,1,0,1,0,,2
5114249,1,0,0,1,130500,2,3,2,2,-11331,-1808,1,1,1,0,,3
5114253,1,0,0,1,130500,2,3,2,2,-11331,-1808,1,1,1,0,,3
5115604,0,0,1,0,202500,2,2,2,3,-14523,-3420,1,0,0,0,1,2
5115606,0,0,1,0,202500,2,2,2,3,-14523,-3420,1,0,0,0,1,2
5115608,0,0,1,0,202500,2,2,2,3,-14523,-3420,1,0,0,0,1,2
5115610,0,0,1,0,202500,2,2,2,3,-14523,-3420,1,0,0,0,1,2
5115611,0,0,1,0,202500,2,2,0,3,-14523,-3420,1,0,0,0,1,2
5116035,1,1,1,0,126000,2,4,0,3,-14522,-863,1,1,0,0,7,1
5116036,1,1,1,0,126000,2,4,0,3,-14522,-863,1,1,0,0,7,1
5116258,0,0,1,4,180000,1,2,2,3,-17468,-7413,1,0,0,0,1,6
5116301,0,0,1,0,180000,0,2,2,3,-22655,365243,1,0,0,0,,2
5116302,0,0,1,0,180000,0,2,2,3,-22655,365243,1,0,0,0,,2
5116304,0,0,1,0,180000,0,2,2,3,-22655,365243,1,0,0,0,,2
5116305,0,0,1,0,,0,2,2,3,-22655,365243,1,0,0,0,,2
5116906,1,1,1,0,211500,0,2,2,3,-15047,-7553,1,0,0,0,1,2
5117313,0,0,1,1,157500,1,2,2,3,-13022,-3931,1,1,1,0,3,3
5117413,0,0,0,0,81000,0,2,1,3,-22279,365243,1,0,1,0,,1
5118046,0,0,0,0,81000,0,2,2,3,-23902,365243,1,0,1,0,,1
5118275,0,0,0,0,112500,0,2,2,1,-21363,365243,1,0,0,0,,2
5118278,0,0,0,0,112500,0,2,2,1,-21363,365243,1,0,0,0,,2
5118279,0,0,0,0,112500,0,2,2,1,-21363,365243,1,0,0,0,,2
5118280,0,0,0,0,112500,0,2,0,1,-21363,365243,1,0,0,0,,2
5118283,1,0,0,0,112500,0,2,2,1,-21363,365243,1,0,0,0,,2
5118541,0,0,1,0,72000,2,2,2,3,-18132,-1039,1,0,1,0,3,2
5125289,0,0,0,1,202500,2,2,1,3,-13939,-134,1,0,0,0,3,2
5125299,0,0,1,0,148500,0,2,2,3,-20846,365243,1,0,0,0,,2
5125708,0,1,1,0,135000,2,1,2,3,-16413,-622,1,0,1,0,6,2
5125716,0,1,1,0,135000,2,1,2,3,-16413,-622,1,0,1,0,6,2
5125761,1,0,1,0,270000,1,2,0,1,-18020,-1595,1,0,0,0,2,1
5125763,1,1,0,1,135000,1,2,0,3,-13030,-1626,1,0,1,0,3,3
5125934,0,0,1,2,135000,1,1,2,-1,-9862,-1868,1,1,0,0,4,4
5126278,,0,0,0,162000,0,2,2,3,-21244,365243,1,0,0,0,,2
5135344,1,0,1,0,112500,1,4,2,3,-20103,-555,1,0,0,0,13,2
5135345,1,0,1,0,112500,1,4,2,3,-20103,-555,1,0,0,0,13,2
5135346,1,0,1,0,112500,1,4,2,3,-20103,-555,1,0,0,0,13,2
5135485,0,0,1,0,135000,3,4,0,1,-10660,-1935,1,0,0,0,1,1
5135487,0,0,1,0,135000,3,4,0,1,-10660,-1935,1,0,0,0,1,1
5135636,1,1,1,0,195750,2,2,2,3,-18836,-931,1,1,1,0,3,2
5135990,0,0,1,1,585000,1,4,0,3,-10430,-900,1,0,0,0,7,2
5135991,0,0,1,1,585000,1,4,0,3,-10430,-900,1,0,0,0,7,2
5142183,1,1,1,2,,1,4,2,3,-17841,-4305,1,1,1,0,7,4
5142184,1,1,1,2,450000,1,4,2,3,-17841,-4305,1,1,1,0,7,4
5142185,1,1,1,2,450000,1,4,2,3,-17841,-4305,1,1,1,0,7,4
5142361,1,1,1,1,112500,2,2,2,3,-16204,-925,1,1,1,0,9,3
5142362,1,1,1,1,112500,2,2,2,3,-16204,-925,1,1,1,0,9,3
5142456,0,0,0,0,67500,1,4,1,3,-18952,-499,1,0,1,0,1,1
5142458,0,0,1,0,67500,1,4,1,3,-18952,-499,1,0,1,0,1,1
5142459,0,0,1,0,67500,1,4,1,3,-18952,-499,1,0,1,0,1,1
5143342,1,0,0,1,216000,2,2,2,1,-12946,-2418,1,0,0,1,3,3
5145690,0,0,1,0,306000,0,4,2,3,-21590,365243,1,0,0,0,,2
5145817,0,0,1,0,90000,0,2,2,3,-22011,365243,1,0,0,0,,2
5146005,1,1,1,0,225000,2,2,0,3,-10177,-189,1,0,0,1,7,1
5146079,0,0,1,1,108000,2,2,2,3,-12723,-1132,1,1,1,0,4,3
5146167,0,0,1,0,135000,2,2,2,3,-20296,-1770,1,0,0,0,13,2
5146444,0,0,1,0,135000,2,2,2,3,-14394,-919,1,0,1,0,7,1
5148932,1,1,0,0,108000,2,2,2,2,-17209,-1081,1,0,0,0,13,2
5148934,1,1,0,0,108000,2,2,2,2,-17209,-1081,1,0,0,0,13,2
5149188,1,1,0,1,450000,2,4,2,3,-9847,-502,1,0,1,1,1,3
5149190,1,1,0,1,450000,2,4,2,3,-9847,-502,1,0,1,1,1,3
5149192,,1,0,1,450000,2,4,2,3,-9847,-502,1,0,1,1,1,3
5149828,1,1,1,0,315000,2,2,2,3,-17348,-2420,1,0,0,0,7,2
5149834,0,0,1,0,157500,1,4,2,3,-12387,-1325,1,0,1,1,14,2
5149838,0,0,1,0,157500,0,4,2,3,-12387,-1325,1,0,1,1,14,2
5118538,0,0,1,1,81000,2,2,2,1,-15749,-6367,1,1,1,0,8,3
5069057,1,1,0,0,225000,1,2,2,3,-17762,-2484,1,0,0,0,3,2
5066689,0,0,1,0,180000,1,4,2,3,-12946,-341,1,0,1,1,4,2
5086062,0,0,1,0,135000,3,2,2,3,-20542,-9422,1,0,1,0,1,2
5113717,0,0,0,1,135000,2,2,2,3,-16415,-3054,1,0,0,1,15,3
5066765,0,0,1,1,63000,1,2,2,3,-14550,-2987,1,0,0,0,4,3
5105227,0,0,1,0,135000,2,2,2,3,-17365,-2128,1,0,0,0,3,2
5054648,0,0,1,0,112500,0,2,0,3,-24238,365243,1,0,0,0,,1
5067187,0,0,1,0,112500,2,4,2,3,-11432,-820,1,1,0,0,1,2
5105818,0,0,1,0,45000,0,2,2,3,-22072,365243,1,0,1,0,,2
5033574,0,1,1,1,,2,2,2,3,-14222,-141,1,1,1,0,2,3
5125478,0,0,1,0,202500,0,2,2,3,-20661,365243,1,0,0,0,,2
5046340,1,0,1,1,180000,2,1,2,3,-10581,-1692,1,1,0,0,,3
5054058,,1,0,1,450000,2,4,2,3,-15045,-4686,1,0,1,0,7,3
5022326,1,1,1,0,256500,1,4,2,3,-21503,-1674,1,0,0,1,1,2
5065764,0,0,1,0,90000,2,2,0,3,-14746,-693,1,0,0,0,,1
5067849,0,0,1,0,180000,1,2,0,3,-14756,-567,1,0,0,0,,1
5097169,0,0,0,0,90000,1,2,0,3,-10731,-885,1,0,0,0,4,1
5048583,0,0,1,0,135000,0,2,2,3,-21579,365243,1,0,0,0,,2
5115566,1,0,1,0,126000,0,2,2,2,-16491,365243,1,0,0,0,,2
5052722,0,0,0,0,126000,0,2,2,3,-21875,365243,1,0,0,0,,2
5067723,0,0,1,1,337500,2,1,0,3,-12555,-2769,1,0,0,0,,2
5056077,1,1,1,0,90000,2,2,2,3,-12154,-1547,1,0,0,0,1,2
5022275,1,1,1,0,131400,0,2,2,3,-23646,365243,1,0,0,0,,2
5143016,1,0,0,0,180000,1,2,2,2,-14542,-3179,1,0,0,0,3,2
5066709,0,0,1,0,247500,0,2,2,3,-24511,365243,1,0,0,0,,1
5021445,0,0,1,0,121500,2,2,2,-1,-13315,-5204,1,1,1,0,1,2
5053592,0,0,1,1,117000,2,1,2,3,-17633,-3072,1,0,1,0,,2
5116163,0,0,1,2,90000,2,2,2,3,-9899,-320,1,0,0,0,13,4
5041273,1,0,1,0,445500,1,4,1,3,-19298,-2469,1,0,0,0,,1
5066627,1,1,1,0,157500,2,2,2,3,,-583,1,0,0,0,,2
5125399,1,1,0,0,112500,2,2,2,3,-10066,-834,1,0,0,0,3,2
5067345,0,1,0,0,180000,1,2,2,3,-16541,-1085,1,0,1,0,,2
5053711,0,1,0,2,157500,1,3,2,3,-12857,-1399,1,0,0,1,,4
5096234,0,0,0,0,117000,2,2,2,3,-17087,-7310,1,1,1,0,14,2
5125158,1,0,1,1,234000,2,2,2,3,-11970,-1748,1,0,0,0,3,3
5143231,0,1,1,1,1575000,1,4,0,3,-10142,-2479,1,0,0,0,7,2
5062688,1,1,1,0,247500,3,2,2,1,-20112,-875,1,1,0,1,6,2
5105685,0,0,1,2,144000,2,2,2,3,-14132,-2805,1,1,1,0,15,4
5115984,1,1,1,2,180000,2,4,2,3,-13174,-2477,1,0,0,0,7,4
5085769,0,0,1,0,,1,2,2,3,-19310,-1477,1,0,0,0,8,2
5065363,0,0,1,1,216000,2,4,0,3,-10512,-1782,1,0,1,0,1,2
5140074,0,0,1,0,90000,1,2,2,3,-15124,-431,1,0,0,0,1,2
5067643,0,0,1,0,171000,0,4,2,3,-19961,365243,1,0,0,0,,2
5091963,1,1,0,0,180000,2,2,2,1,-18809,-1416,1,1,0,0,9,2
5053637,0,0,0,0,225000,0,4,1,3,-21944,365243,1,0,0,0,,1
5067149,1,0,0,2,225000,2,3,2,3,-13969,-263,1,0,0,0,,4
5096424,1,1,0,0,270000,1,4,1,3,-11621,-2349,1,0,1,0,,1
5046283,0,0,1,0,67050,0,4,2,3,-24305,365243,1,0,0,0,,2
5029348,1,1,1,0,270000,2,4,2,3,-10942,-412,1,0,0,0,9,2
5096061,0,0,0,2,73350,2,2,2,3,-14321,-7068,1,0,0,0,14,4
5028917,0,1,1,0,112500,2,2,2,3,-17202,-1787,1,0,0,0,4,2
5117778,0,1,0,0,144000,2,2,2,3,-14407,-1345,1,0,0,0,16,1
5095310,0,1,1,0,225000,2,4,2,3,-12322,-3717,1,0,0,0,1,2
5050655,0,0,0,0,112500,2,2,2,3,-14667,-1048,1,1,1,0,5,2
5033817,0,1,0,1,292500,3,4,2,3,-16010,-2667,1,0,1,0,1,3
5052963,1,1,1,0,135000,1,2,2,3,-9984,-2606,1,0,0,0,3,2
5113159,1,1,1,0,157500,1,2,0,1,-9862,-2135,1,1,0,0,3,1
5143235,0,1,1,1,1575000,1,4,0,3,-10142,-2479,1,0,0,0,7,2
5132800,0,0,1,0,157500,2,2,1,3,-18540,-1534,1,0,0,0,4,1
5090549,0,0,1,0,157500,2,2,2,3,-15241,-2531,1,0,0,0,,2
5054522,0,1,1,1,135000,2,4,2,3,-10014,-2311,1,0,0,0,,3
5051061,0,0,0,2,112500,1,2,2,3,-11945,-1323,1,0,1,0,,4
5010707,1,1,0,0,202500,2,2,2,3,-15862,-5061,1,0,1,0,9,2
5028984,0,0,1,0,193500,2,2,1,3,-19063,-2213,1,1,1,1,3,1
5028615,,1,1,0,225000,1,4,0,-1,-10681,-2152,1,0,1,0,4,1
5126034,0,1,1,0,108000,2,2,1,3,-17171,-925,1,0,0,1,8,1
5090470,1,0,1,1,900000,2,2,2,3,-15380,-4509,1,0,0,0,3,3
5021775,0,0,1,0,292500,1,4,2,3,-14522,-1552,1,0,0,0,3,2
5046415,1,1,1,0,270000,2,4,2,3,-14466,-1569,1,0,1,0,,2
5065606,1,1,0,0,270000,0,4,2,3,-23489,365243,1,0,0,0,,2
5117314,1,0,1,1,292500,2,2,2,3,-16632,-1679,1,0,0,0,3,3
5009195,0,0,0,0,292500,3,2,2,3,-20953,-8684,1,1,1,0,5,2
5139548,0,1,1,2,157500,1,4,2,3,-13584,-6337,1,0,1,0,14,4
5096416,0,0,0,0,76500,2,2,2,3,-16876,-97,1,1,0,0,,2
5042286,0,0,1,0,157500,2,2,0,3,-10809,-1222,1,0,0,0,17,1
5050729,1,1,0,0,180000,2,2,0,-1,-8528,-531,1,0,0,0,,1
5038897,0,0,1,0,135000,0,2,2,3,-22886,365243,1,0,1,0,,2
5050973,0,0,0,1,112500,3,2,0,3,-15964,-7591,1,0,0,0,1,2
5044935,1,0,1,2,360000,3,4,2,3,-16027,-5639,1,0,1,0,7,4
5113539,0,0,1,0,157500,2,2,2,3,-20976,-1776,1,0,0,0,3,2
5085990,0,1,1,0,225000,0,2,2,3,-21717,365243,1,0,0,0,,2
5033452,0,0,0,0,112500,2,2,2,3,-19143,-5498,1,1,1,0,1,2
5051240,0,1,0,0,121500,0,2,0,3,-23328,365243,1,0,0,0,,1
5065335,1,0,1,0,202500,1,1,2,2,-9766,-1935,1,0,1,0,4,2
5145978,0,1,0,0,112500,3,2,2,3,-19538,-5880,1,0,0,0,17,1
5105614,0,1,1,2,135000,2,4,2,3,-12334,-460,1,0,0,0,5,4
5038845,0,0,1,0,103500,1,2,2,3,-17007,-1569,1,1,1,0,4,2
5105556,0,0,1,0,157500,2,2,2,3,-19802,-4532,1,0,0,0,3,2
5028383,1,1,0,0,337500,2,2,0,-1,-11344,-3309,1,0,0,0,1,1
5009980,0,1,1,0,180000,3,2,2,3,-20644,-3873,1,0,0,0,14,2
5062075,0,0,1,0,112500,0,2,2,3,-21392,365243,1,0,0,0,,2
5009706,0,0,0,0,157500,2,4,2,3,-11644,-344,1,0,0,0,7,2
5146463,1,1,0,0,360000,3,4,2,3,-9983,-1923,1,0,0,0,,2
5112662,0,0,0,1,135000,1,2,2,3,-12269,-604,1,0,0,0,7,3
5096796,1,1,1,0,337500,2,4,1,3,-13188,-584,1,0,0,0,3,1
5066843,0,0,1,0,135000,0,2,2,3,-17090,365243,1,0,0,0,,2
5066597,0,0,0,1,360000,1,4,2,3,-14805,-1922,1,0,0,0,4,3
5047704,0,0,1,2,,2,2,0,3,-14717,-1496,1,0,0,0,,3
5009074,0,1,1,1,450000,3,4,2,3,-17726,-708,1,0,1,1,1,3
5090954,0,0,0,0,270000,3,2,1,3,-19363,-12332,1,0,1,1,14,1
5143019,1,0,0,0,270000,2,2,2,-1,-11768,-622,1,1,1,0,3,2
5118617,0,0,0,0,270000,1,4,0,3,-15770,-5209,1,0,0,0,4,1
5116018,0,1,1,0,450000,0,4,2,3,-22083,365243,1,0,1,0,,1
5139662,0,0,1,0,157500,0,1,2,3,-23483,365243,1,0,0,0,,2
5042232,0,0,1,0,112500,1,2,0,3,-12849,-6273,1,1,0,0,4,1
5125317,1,1,0,0,292500,1,2,2,3,-20874,-2722,1,0,0,0,,2
5068038,0,0,0,0,112500,3,2,2,-1,-17164,-9363,1,0,0,0,14,2
5038814,0,0,1,0,247500,1,2,2,3,-19366,-746,1,0,0,0,,2
5095356,0,0,0,0,157500,2,2,0,-1,-9020,-1039,1,0,0,0,4,1
5037266,1,1,0,0,225000,2,2,0,3,-11892,-1322,1,0,0,0,9,1
5052865,0,0,1,0,94500,1,3,2,3,-13870,-3458,1,1,1,0,4,2
5096211,1,0,0,0,81000,2,2,2,3,-14211,-158,1,1,0,0,10,2
5023280,0,1,1,0,180000,1,2,2,3,-16701,-2457,1,0,0,0,4,2
5132340,0,0,1,2,198000,1,3,1,3,-15646,-2811,1,0,0,0,,3
5136012,0,0,0,3,180000,2,4,2,3,-13678,-7018,1,0,0,0,1,5
5045917,1,1,1,0,315000,1,2,2,2,-16990,-2026,1,0,0,0,9,2
5041073,0,0,1,0,67500,2,2,0,3,-18179,-188,1,0,0,0,3,2
5149660,0,0,1,1,180000,1,2,2,3,-11920,-2967,1,0,0,0,18,3
5022756,0,0,0,1,202500,1,2,1,3,-10800,-3166,1,0,0,0,4,2
5036562,0,0,0,1,112500,2,2,2,3,-11953,-5107,1,1,0,0,,3
5117754,1,1,0,0,306000,2,2,2,3,-16011,-1649,1,0,0,0,7,2
5125281,0,0,1,1,90000,2,2,2,3,-16280,-3694,1,0,0,1,4,3
5149039,0,0,1,2,270000,1,4,2,3,-11008,-3697,1,0,0,0,3,4
5021267,0,1,1,1,270000,2,2,2,3,-14512,-4596,1,0,0,0,3,3
5125166,1,0,1,1,234000,2,2,2,3,-11970,-1748,1,0,0,0,3,3
5125524,1,0,0,2,171000,2,2,2,1,-13865,-5674,1,1,1,0,1,4
5010089,0,0,0,0,225000,1,2,2,3,-10304,-1682,1,0,0,0,3,2
5126457,0,0,0,0,94500,2,4,2,3,-16825,-196,1,0,0,0,13,2
5142763,0,0,0,0,117000,1,2,0,-1,-10021,-530,1,0,0,0,4,1
5023261,1,1,1,0,180000,1,2,2,3,-21202,-1696,1,0,0,0,9,2
5090861,0,1,1,0,202500,1,2,2,3,-19765,-2168,1,0,0,0,4,2
5146123,0,0,0,0,54000,0,2,0,3,-20132,365243,1,0,0,0,,1
5023410,0,0,1,0,112500,0,2,2,3,-21642,365243,1,0,0,0,,2
5010032,1,1,1,0,85500,0,2,2,3,-22121,365243,1,0,1,0,,2
5118397,1,0,0,0,135000,2,2,2,3,-17154,-1649,1,0,0,0,9,2
5033628,0,0,1,0,166500,3,4,2,3,-23599,-13382,1,0,0,0,,2
5069399,1,0,1,0,157500,2,2,0,3,-8396,-1509,1,1,1,0,1,1
5008889,0,0,1,0,247500,1,4,1,2,-17016,-1347,1,0,0,0,1,1
5022041,1,0,1,0,180000,2,2,2,3,-10049,-1405,1,0,0,1,4,2
5126124,0,1,0,0,72000,2,2,2,3,-15185,-227,1,1,1,0,14,2
5023563,0,0,1,0,202500,2,2,2,3,-17782,-9975,1,0,0,0,1,1
5050853,1,0,0,0,180000,1,4,0,3,-9488,-1505,1,0,0,0,6,1
5024412,1,1,0,0,270000,2,4,2,3,-18582,-5084,1,0,0,0,7,2
5090612,0,1,0,0,202500,2,4,2,3,-13788,-2905,1,0,0,0,5,2
5028274,0,1,0,2,360000,2,3,2,3,-12730,-2213,1,0,0,0,5,4
5028996,1,1,1,0,270000,2,4,2,3,-12262,-356,1,0,0,0,,2
5126322,0,0,0,0,270000,2,2,2,3,-17778,-1719,1,1,1,0,6,2
5053610,0,0,1,0,112500,2,2,2,1,-20589,-3680,1,0,0,0,,2
5069227,0,1,1,0,,1,2,2,3,-17330,-962,1,0,1,0,4,2
5137401,0,0,0,0,157500,2,4,1,3,-17237,-3000,1,0,0,0,14,1
5142812,1,1,0,0,202500,3,2,2,3,-11648,-4275,1,1,1,0,1,2
5053114,0,0,1,0,99000,0,2,2,3,-23849,365243,1,0,0,0,,2
5149027,0,0,1,0,162000,0,2,2,3,-22795,365243,1,0,0,0,,2
5145869,0,0,1,0,225000,0,2,1,3,-20978,365243,1,0,1,0,,1
5053354,0,1,0,0,225000,2,2,2,3,-18362,-110,1,0,0,0,3,2
5087944,0,0,1,0,72000,2,2,2,3,-19923,-2078,1,1,1,0,8,1
5035688,0,1,1,0,135000,2,2,2,3,-16505,-8377,1,0,0,0,3,2
5068491,1,0,0,1,315000,1,4,2,3,-18321,-110,1,0,1,0,,3
5044860,0,0,1,0,167400,0,2,2,3,-19028,365243,1,0,0,0,,2
5117047,0,0,1,0,180000,0,2,2,3,-23027,365243,1,0,0,0,,1
5022676,1,0,1,0,135000,0,2,2,3,-23286,365243,1,0,0,0,,2
5009739,0,1,0,0,99000,2,2,2,3,-14657,-4392,1,1,1,0,1,2
5096991,0,0,1,1,225000,1,4,2,3,-12272,-126,1,0,0,0,1,3
5067982,1,1,1,0,153000,2,4,1,-1,-20013,-7640,1,0,0,1,7,1
5135982,0,0,1,0,423000,1,2,1,3,-13480,-3153,1,0,0,0,15,1
5046362,0,0,1,0,90000,2,2,2,-1,-14386,-139,1,1,1,0,4,2
5066817,0,1,0,1,360000,2,4,2,3,-16480,-4023,1,0,0,1,7,2
5143519,0,0,1,0,247500,0,2,0,3,-23280,365243,1,0,0,0,,1
5068888,0,0,1,0,225000,2,2,2,3,-23537,-4888,1,0,0,0,14,2
5150412,0,0,1,0,67500,0,2,2,3,-22116,365243,1,0,0,0,,1
5067924,0,0,1,0,112500,0,2,2,3,-22743,365243,1,0,0,0,,1
5056149,1,1,0,0,157500,2,2,2,3,-23424,-14887,1,0,0,0,3,2
5022308,0,0,1,0,90000,2,2,1,3,-19042,-3319,1,0,0,0,,1
5068465,0,0,1,1,90000,1,2,2,3,-10175,-1966,1,0,1,0,15,3
5036881,0,1,1,0,225000,0,2,2,3,-22471,365243,1,0,0,0,,2
5137033,1,1,0,1,112500,2,2,2,3,-14301,-200,1,0,1,0,3,3
5148812,0,0,1,0,112500,0,2,2,3,-22416,365243,1,0,0,0,,2
5100220,1,1,1,2,315000,1,2,2,3,-15182,-6123,1,0,0,0,9,4
5078842,0,1,1,1,135000,2,2,2,-1,-10532,-117,1,0,0,0,15,3
5010526,1,1,1,1,450000,2,4,2,2,-18476,-2625,1,0,0,0,7,3
5105150,0,0,1,0,90000,2,4,2,3,-18940,-1763,1,0,0,0,4,2
5045253,0,0,1,1,270000,2,2,2,3,-20854,-3689,1,0,0,0,1,3
5100000,0,0,0,1,180000,1,2,2,3,-15226,-3414,1,0,0,0,4,3
5029725,0,0,1,1,135000,1,4,2,3,-9778,-2910,1,1,0,1,1,3
5090925,0,0,1,0,243000,1,2,2,-1,-17000,-3412,1,0,0,0,3,2
5115947,1,1,1,0,225000,2,2,0,3,-9586,-1107,1,0,0,0,,1
5028572,0,0,1,0,112500,0,4,2,3,-22062,365243,1,0,0,0,,2
5022373,0,0,1,1,234000,2,2,0,3,-20693,-8036,1,0,0,0,1,2
5149040,0,0,1,0,180000,2,2,2,3,-19750,-3608,1,0,0,0,3,2
5113291,0,1,1,2,121500,2,3,2,3,-11327,-101,1,1,1,0,1,4
5139951,0,1,1,0,121500,3,2,2,3,-19988,-3231,1,1,0,0,,2
5028697,1,1,0,1,270000,2,4,2,2,-10817,-203,1,0,1,0,3,3
5148527,0,0,1,0,180000,0,2,2,3,-23365,365243,1,0,0,0,,2
5009443,0,0,0,0,90000,3,2,2,3,-9489,-1682,1,0,1,0,,2
5096621,0,0,0,1,135000,2,2,2,3,-14461,-1589,1,0,1,0,3,3
5149150,1,1,1,0,247500,2,2,2,3,-10952,-3577,1,1,0,0,3,2
5118448,0,0,0,1,76500,2,2,2,3,-10080,-735,1,1,0,0,4,3
5116818,1,0,1,0,85500,3,2,1,0,-16542,-8737,1,1,1,0,1,1
5022833,1,1,1,0,202500,2,2,2,3,-17262,-1617,1,0,0,0,1,2
5086006,0,0,1,0,157500,0,2,2,3,-21497,365243,1,0,0,0,,1
5010397,0,1,1,1,225000,2,4,2,3,-14148,-1591,1,1,1,0,6,3
5047789,0,1,1,0,225000,1,4,2,3,-10457,-979,1,0,0,0,,2
5105657,0,1,1,2,540000,2,4,0,3,-14160,-422,1,0,1,1,,3
5150047,0,0,1,0,283500,2,2,2,3,-17958,-655,1,0,0,0,4,2
5035791,0,1,1,0,90000,0,2,2,3,-21973,365243,1,0,0,0,,1
5021682,1,0,1,0,,1,2,1,3,-18745,-3653,1,0,0,0,8,1
5088699,0,1,1,0,252000,2,2,2,3,-17562,-1261,1,0,0,0,14,2
5115797,0,0,1,1,135000,1,2,0,3,-14578,-7346,1,0,0,0,3,2
5023460,0,1,1,0,315000,0,2,0,3,-21012,365243,1,0,0,0,,1
5096466,1,1,0,1,450000,2,4,2,3,-19410,-5545,1,1,0,0,7,3
5146472,0,1,1,0,180000,1,4,2,3,-14133,-3810,1,0,0,0,4,2
5024527,0,0,1,0,270000,0,2,2,3,-20967,365243,1,0,1,0,,1
5095193,1,1,1,1,495000,1,2,2,3,,-1190,1,0,1,0,7,3
5068156,1,1,1,0,180000,2,2,2,3,-19565,-3246,1,0,0,0,,2
5117756,1,1,0,0,306000,2,2,2,3,-16011,-1649,1,0,0,0,7,2
5066507,0,0,1,0,157500,2,2,0,3,-17538,-7676,1,0,1,0,15,1
5143164,0,0,0,2,180000,1,2,2,3,-13791,-1353,1,1,0,0,5,4
5088834,0,0,1,0,612000,3,2,2,3,-12563,-3715,1,0,0,1,5,2
5135841,0,0,1,1,36000,2,2,2,3,-12417,-1113,1,0,1,0,1,3
5023059,1,1,1,1,112500,2,2,2,3,-11279,-508,1,0,0,0,3,3
5125325,1,1,0,0,292500,1,2,2,3,-20874,-2722,1,0,0,0,,2
5135574,0,1,1,0,180000,2,2,2,3,-11749,-992,1,0,0,0,14,2
5009053,0,0,1,2,202500,2,4,2,3,-10997,-2289,1,0,0,1,1,4
5028292,0,0,1,0,292500,2,4,1,3,-19736,-12621,1,0,1,0,1,1
5029108,1,1,0,1,315000,3,2,2,3,-13230,-3643,1,0,0,1,6,3
5091400,0,0,0,0,135000,2,2,2,-1,-12278,-869,1,0,0,0,,2
5050768,0,0,0,2,337500,2,2,2,3,-10990,-2174,1,0,0,0,1,4
5113420,0,0,0,1,157500,2,2,0,1,-12716,-5336,1,0,0,0,1,2
5113132,0,1,1,0,360000,1,2,2,3,-19033,-3535,1,0,0,0,4,2
5062670,0,1,1,1,135000,2,4,2,3,-14863,-4407,1,0,0,0,7,3
5029352,1,1,1,0,270000,2,4,2,3,-10942,-412,1,0,0,0,9,2
5105067,1,0,1,0,157500,2,3,2,3,-13682,-453,1,1,1,0,,2
5143573,1,1,0,0,157500,2,3,2,-1,-9124,-960,1,1,0,0,9,2
5045203,0,1,1,0,139500,0,2,2,3,-21009,365243,1,0,0,0,,2
5065673,0,0,0,0,135000,2,2,0,3,-11512,-4711,1,0,0,0,,1
5029544,0,1,1,1,133650,1,2,2,3,-14596,-1965,1,0,0,0,,3
5045800,1,1,1,1,427500,2,2,2,3,-11892,-2543,1,0,1,0,9,3
5111159,0,1,1,1,81000,2,4,2,3,-10648,-1393,1,1,1,0,1,3
5099957,0,1,1,1,225000,1,4,2,3,-11239,-460,1,0,0,0,5,3
5143360,0,0,1,0,126000,2,2,2,3,-22811,-2234,1,1,1,0,6,2
5091753,1,1,0,2,135000,2,4,2,3,-12725,-1631,1,0,0,0,1,4
5117403,0,0,0,0,94500,2,2,2,3,-16758,-1619,1,0,0,0,12,2
5149319,0,1,1,1,180000,2,4,1,3,-18838,-5981,1,0,0,0,7,2
5137542,0,0,0,0,157500,2,2,2,3,-18881,-3153,1,1,0,0,2,2
5095170,1,1,1,0,252000,1,4,2,3,-13796,-2682,1,0,0,0,9,2
5090780,0,0,0,1,202500,2,2,2,3,-12047,-3443,1,0,0,0,7,3
5092242,0,0,0,0,117000,2,2,2,3,-20754,-2330,1,0,0,0,,2
5068671,1,0,1,0,247500,2,3,2,3,-9159,-413,1,0,0,0,1,2
5143427,0,0,1,0,180000,0,2,0,3,-23431,365243,1,0,0,0,,1
5087994,1,1,1,1,180000,1,3,2,3,-15547,-6645,1,0,0,0,,3
5052739,0,0,1,2,180000,1,2,2,3,-10454,-505,1,0,0,1,6,4
5068747,0,0,0,0,157500,2,4,2,-1,-13231,-201,1,0,0,0,5,2
5025029,0,0,0,0,135000,0,2,2,3,-20013,365243,1,0,0,0,,2
5149353,1,1,1,0,,1,4,2,3,-12208,-3273,1,0,0,0,5,2
5022571,1,1,1,0,202500,0,4,2,3,-21721,365243,1,0,0,0,,2
5024578,0,0,0,1,90000,2,2,2,-1,-10253,-1462,1,0,0,0,3,3
5058405,1,1,1,0,247500,2,4,2,3,-12843,-2609,1,0,0,0,7,2
5041869,1,1,0,0,99000,3,2,2,3,-19433,-521,1,1,1,0,1,2
5115894,1,1,0,0,247500,1,2,2,3,-17455,-1321,1,0,0,0,9,2
5062749,1,1,0,1,202500,3,4,2,3,-13387,-2467,1,0,0,0,,3
5045611,0,0,1,2,90000,2,2,2,3,-11762,-716,1,0,0,0,,4
5113288,0,1,1,2,121500,2,3,2,3,-11327,-101,1,1,1,0,1,4
5053003,0,1,1,0,157500,2,3,2,3,-9389,-1632,1,1,1,0,,2
5118038,0,0,0,2,121500,2,4,2,3,-11697,-614,1,0,0,0,16,4
5091405,0,0,1,0,135000,2,2,0,3,-17579,-1904,1,1,0,0,3,1
5137022,0,0,0,0,180000,3,2,2,3,-18181,-351,1,1,1,0,3,1
5117594,0,0,0,0,144000,2,2,0,3,-16898,-7310,1,1,1,0,1,1
5085704,1,1,1,0,126000,0,2,2,3,-19474,365243,1,0,0,0,,2
5137292,1,1,0,1,225000,2,2,2,3,-15243,-7260,1,1,1,0,6,3
5038751,1,1,1,2,157500,1,4,2,-1,-14192,-626,1,0,0,0,9,4
5099900,1,1,1,0,157500,1,2,2,3,-20341,-6853,1,0,0,0,3,2
5116676,1,1,1,3,270000,2,2,2,3,-13427,-458,1,1,0,0,3,5
5061321,0,1,1,1,261000,3,4,2,3,-15050,-1628,1,0,0,0,7,3
5139410,0,1,1,2,135000,3,2,2,3,-14439,-6094,1,1,0,0,1,4
5048486,1,1,1,0,202500,2,2,2,3,-12992,-734,1,1,1,0,9,2
5139658,0,0,1,0,157500,0,1,2,3,-23483,365243,1,0,0,0,,2
5091280,1,0,1,1,103500,2,2,2,3,-11822,-657,1,1,0,0,3,3
5023186,1,1,1,0,135000,2,2,2,3,-17235,-2700,1,0,1,0,1,2
5054307,1,0,0,1,135000,2,2,2,3,-10116,-880,1,0,0,0,3,3
5116879,0,0,0,0,112500,2,4,0,-1,-11061,-157,1,1,1,0,6,1
5050453,1,0,1,1,231750,2,2,2,3,-14247,-135,1,0,0,0,,3
5022804,0,1,1,0,202500,2,4,2,3,-11998,-1497,1,0,0,0,7,1
5091374,1,1,1,0,247500,2,2,2,3,-15366,-1266,1,1,1,0,9,2
5135484,0,0,1,0,135000,3,4,0,1,-10660,-1935,1,0,0,0,1,1
5054188,0,0,0,0,135000,2,2,2,3,-11390,-515,1,0,1,0,4,2
5054626,0,0,1,0,112500,0,2,2,3,-22034,365243,1,0,0,0,,1
5068548,1,1,1,0,117000,1,2,2,3,-19351,-1023,1,0,0,0,3,2
5053472,1,0,1,0,112500,2,2,2,3,-18516,-2129,1,1,1,0,10,2
5105395,0,0,1,0,135000,2,3,0,3,-10932,-575,1,0,0,0,17,1
5029554,0,0,1,0,103500,0,2,2,3,-23751,365243,1,0,0,0,,1
5089722,0,0,0,0,315000,1,2,1,3,-17617,-3262,1,1,1,1,15,1
5066562,0,0,0,0,180000,1,3,2,-1,-8247,-430,1,1,0,1,4,2
5062547,0,0,1,3,247500,1,3,2,3,-12099,-2207,1,0,0,1,,5
5010203,1,1,1,0,135000,2,1,2,-1,-9981,-1866,1,0,0,1,3,2
5024665,0,0,1,0,157500,2,2,2,3,-14425,-4568,1,1,1,0,3,2
5089626,0,0,0,0,315000,1,4,2,3,-16188,-309,1,1,1,1,4,2
5021373,0,0,1,0,247500,2,4,2,3,-22100,-578,1,0,0,1,7,2
5054699,1,1,1,0,157500,2,4,2,3,,-6908,1,0,0,0,3,2
5051180,1,1,0,1,,2,2,2,3,-13086,-1931,1,0,1,0,3,3
5143515,0,0,1,0,247500,0,2,0,3,-23280,365243,1,0,0,0,,1
5018461,0,0,1,1,166500,2,2,2,3,-20208,-8033,1,0,1,0,,3
5096300,0,0,0,1,112500,1,2,2,3,-9320,-2257,1,0,0,0,6,3
5148897,1,0,1,0,90900,0,2,2,3,-22233,365243,1,0,1,0,,2
5025047,0,1,0,3,112500,2,2,2,3,-11731,-3776,1,1,1,0,,5
5092164,0,1,1,0,45900,0,2,2,3,-20282,365243,1,0,1,0,,1
5053143,1,0,1,1,126000,2,2,2,3,-12301,-140,1,0,1,0,,3
5038510,0,0,1,0,103500,2,3,2,3,-11855,-4583,1,0,0,0,3,2
5023482,0,0,1,1,119250,2,2,2,3,-15931,-4404,1,1,1,0,1,3
5054099,1,1,0,2,202500,2,4,2,3,-11736,-727,1,0,0,0,9,4
5062713,0,0,1,1,157500,2,2,2,3,-14510,-3805,1,0,0,0,1,3
5088851,0,1,1,0,112500,2,4,2,3,-11353,-2316,1,0,0,1,5,2
5111117,0,0,1,1,315000,2,4,2,3,-11602,-1455,1,0,0,0,7,3
5118115,1,0,0,1,270000,1,2,2,3,-13538,-5422,1,1,1,0,9,3
5024258,1,0,1,0,162000,2,2,0,3,-11495,-581,1,0,0,0,13,1
5113976,1,1,0,0,270000,2,3,2,3,-11955,-893,1,1,1,1,3,2
5099907,0,0,1,2,112500,2,3,2,3,-10927,-1860,1,0,0,0,1,4
5092332,0,0,1,0,58500,0,2,0,3,-24946,365243,1,0,1,0,,1
5038932,0,0,1,0,94500,1,4,1,3,-14548,-6317,1,0,1,0,14,1
5078924,1,0,1,0,270000,2,2,2,3,-16116,-1000,1,0,1,0,3,2
5068390,0,1,1,1,270000,2,4,1,3,-14052,-140,1,0,1,1,4,2
5046036,0,1,1,0,99000,0,2,2,3,-21527,365243,1,0,0,0,,2
5033788,0,0,1,1,315000,2,4,1,3,-15738,-4766,1,1,1,0,15,2
5010781,0,1,1,1,157500,1,4,2,3,-14474,-2259,1,0,0,1,1,3
5022761,0,0,1,0,180000,2,2,2,3,-9791,-1344,1,0,0,1,4,2
5041980,0,0,0,0,211500,1,4,2,-1,-14636,-4690,1,1,1,0,3,2
5113854,1,0,0,0,202500,2,2,0,3,-15323,-8290,1,1,0,0,3,1
5126612,0,1,0,0,180000,0,2,2,3,-20395,365243,1,0,1,0,,1
5132264,0,0,0,0,144000,2,2,2,3,,-2052,1,0,1,0,3,2
5142136,0,0,0,2,144000,2,2,2,3,-17001,-5004,1,0,0,0,14,4
5088163,0,0,1,0,270000,2,2,0,3,-12922,-923,1,0,0,0,1,1
5146086,1,0,0,0,148500,2,2,0,1,-14122,-1193,1,0,0,1,3,1
5139553,0,1,1,2,157500,1,4,2,3,-13584,-6337,1,0,1,0,14,4
5041474,0,0,1,0,90000,1,4,2,3,-9006,-793,1,0,0,1,4,2
5025020,0,0,1,0,148500,0,2,2,3,-21512,365243,1,0,0,0,,2
5118270,0,0,0,0,99000,2,2,2,-1,-19566,-5453,1,1,0,0,14,2
5095324,0,0,1,0,315000,0,2,2,3,-22854,365243,1,0,1,0,,1
5142290,0,0,1,1,162000,3,4,2,3,-15027,-88,1,0,0,0,5,3
5148792,0,0,1,0,202500,1,2,2,3,-17450,-5495,1,0,0,0,7,1
5062031,0,1,1,0,225000,2,4,0,3,-9688,-593,1,0,1,1,,1
5088836,0,0,1,0,612000,3,2,2,3,-12563,-3715,1,0,0,1,5,2
5035418,0,0,1,0,292500,2,4,2,3,-21111,-4816,1,0,0,0,1,2
5089896,0,0,1,0,67500,0,4,0,1,-23694,365243,1,0,0,1,,1
5137407,0,0,0,0,157500,2,4,1,3,-17237,-3000,1,0,0,0,14,1
5086060,0,0,1,0,135000,3,2,2,3,-20542,-9422,1,0,1,0,1,2
5095117,0,0,1,0,67500,2,4,2,3,-14240,-1586,1,0,0,0,1,2
5067419,0,0,1,0,144000,0,2,2,3,-23334,365243,1,0,0,0,,2
5041307,0,1,1,0,90000,0,2,2,3,-23118,365243,1,0,1,0,,2
5146401,0,0,1,0,112500,2,2,1,3,-19682,-2104,1,1,0,0,8,1
5105137,0,0,1,0,112500,2,2,0,3,-9957,-1032,1,0,0,0,3,1
5053388,0,0,1,0,135000,2,2,2,3,-16300,-9698,1,0,0,1,7,2
5146467,1,1,0,0,360000,3,4,2,3,-9983,-1923,1,0,0,0,,2
5113082,0,0,1,1,112500,2,4,0,3,-15303,-1131,1,0,0,0,1,2
5052755,1,0,1,0,225000,2,2,2,3,-10570,-1175,1,0,0,0,7,2
5092436,0,1,1,0,112500,0,2,2,3,-19921,365243,1,0,1,0,,2
5022243,0,0,1,0,202500,2,2,2,3,-15231,-8375,1,0,0,1,6,2
5113020,1,1,1,0,202500,3,2,2,3,-14622,-2199,1,0,0,0,1,2
5058267,1,0,0,1,225000,1,2,2,-1,-17868,-1912,1,0,0,0,9,3
5037247,1,1,1,2,112500,2,2,2,3,-12170,-926,1,0,0,0,3,4
5100461,1,1,1,1,202500,1,2,2,3,-12417,-2499,1,0,0,0,6,3
5096753,1,1,0,0,328500,2,4,2,3,-14897,-2654,1,1,1,0,,2
5091778,1,0,1,2,112500,1,2,2,3,-10874,-1174,1,1,0,0,3,4
5038569,1,1,1,0,202500,2,2,2,3,-19974,-230,1,0,1,0,3,2
5069169,1,1,1,0,135000,2,2,2,3,-10314,-962,1,0,0,1,4,2
5065820,1,1,1,1,157500,2,2,2,3,,-2276,1,0,0,0,3,3
5091048,0,0,1,2,270000,1,4,2,3,-15438,-2197,1,0,0,1,17,4
5097134,1,1,1,0,157500,2,2,2,3,-11382,-2468,1,1,1,0,9,2
5097106,0,0,1,0,193500,2,2,2,3,-21026,-11448,1,0,1,0,,2
5099877,0,1,1,0,103500,0,2,2,3,-21671,365243,1,0,1,0,,2
5033884,1,1,1,0,90000,2,2,2,3,-20063,-932,1,1,1,0,1,2
5097024,1,1,0,0,198000,1,4,2,3,-13643,-2956,1,0,0,0,7,2
5010412,0,0,1,0,202500,0,2,2,3,-21854,365243,1,0,0,0,,2
5091144,1,1,0,0,225000,2,2,2,3,-10785,-1345,1,0,0,0,,2
5088503,1,1,1,0,72000,2,4,2,3,-21897,-619,1,0,0,0,13,2
5126142,1,1,0,2,202500,2,2,2,3,-15904,-3787,1,0,0,0,3,4
5067020,0,1,1,1,247500,2,2,2,3,-17152,-1253,1,0,0,1,3,3
5061076,1,1,0,0,157500,3,2,2,3,-14926,-3242,1,1,0,0,,2
5126527,0,0,0,0,225000,3,2,2,-1,-12269,-196,1,0,1,0,14,2
5078931,1,0,0,0,112500,1,2,0,1,-15853,-298,1,0,1,0,3,1
5125471,1,1,1,1,450000,1,4,2,3,-17437,-1748,1,0,0,0,,3
5025207,1,1,1,1,180000,1,2,2,3,-9901,-124,1,0,0,0,9,3
5042097,0,0,0,1,108000,2,2,1,3,-14349,-4082,1,0,1,0,,2
5067653,0,0,1,0,787500,3,4,2,3,-17203,-1431,1,0,0,1,7,2
5089137,0,1,0,0,202500,1,2,2,-1,-14228,-5330,1,0,1,0,,2
5065601,1,0,1,0,157500,1,2,2,3,-20867,-1266,1,0,1,0,3,2
5112833,0,0,1,1,90000,2,2,1,-1,-13200,-1017,1,0,1,1,4,2
5024636,0,0,1,0,,2,2,2,3,-19922,-1128,1,0,0,0,,2
5050549,1,0,0,2,225000,2,4,2,3,-16768,-3088,1,1,0,0,3,4
5065763,0,0,1,0,90000,2,2,0,3,-14746,-693,1,0,0,0,,1
5089269,0,0,0,0,72000,2,2,0,3,-18799,-1466,1,1,0,0,8,1
5061207,1,1,1,14,225000,2,2,1,3,-17754,-1689,1,0,0,0,9,15
5028684,1,0,1,0,157500,2,2,2,3,-9582,-3003,1,0,0,1,3,2
5028737,1,0,1,0,360000,1,2,2,3,-12483,-4039,1,0,0,0,7,2
5113406,1,1,1,0,450000,1,4,0,3,-10837,-588,1,0,0,1,4,1
5025741,0,1,0,0,216000,2,4,2,1,-11974,-282,1,0,1,0,4,2
5045992,0,0,1,0,157500,1,2,2,3,-15256,-4491,1,0,0,0,3,2
5054453,1,1,1,0,315000,2,4,2,3,-17914,-1155,1,0,0,0,3,2
5024586,0,1,1,2,315000,3,2,2,3,-12348,-1220,1,0,0,0,7,4
5090701,0,0,0,0,594000,0,4,0,1,-17387,365243,1,0,0,0,,1
5091929,0,1,0,0,135000,2,2,2,3,-18197,-657,1,0,0,0,,2
5149034,0,0,1,0,180000,3,4,2,3,-17483,-1203,1,0,0,0,1,2
5114114,1,1,0,0,157500,2,2,1,3,-17054,-712,1,0,1,0,13,1
5142579,0,1,1,1,234000,2,2,0,3,-20668,-2844,1,0,0,0,,2
5046035,0,1,1,0,99000,0,2,2,3,-21527,365243,1,0,0,0,,2
5050756,1,1,0,0,225000,1,2,2,3,-18058,-4031,1,1,0,0,9,2
5047853,1,1,1,1,292500,1,4,2,3,-12569,-3322,1,0,0,0,,3
5009790,0,0,0,0,198000,0,2,2,3,-22002,365243,1,0,1,0,,1
5135819,0,0,1,0,90000,1,2,2,3,-19482,-2878,1,0,0,0,3,2
5092287,0,0,1,0,247500,0,4,2,3,-22107,365243,1,0,0,0,,2
5105743,1,1,0,2,112500,2,4,2,3,,-6693,1,1,1,0,6,4
5028280,0,0,0,1,157500,1,3,2,-1,-11941,-2760,1,0,0,0,,3
5095896,0,0,0,1,112500,1,4,2,3,-16018,-2532,1,1,1,0,7,3
5024352,1,1,1,0,585000,1,2,2,-1,-16653,-1646,1,0,0,0,9,2
5100027,0,1,0,0,180000,2,2,2,3,-19317,-11542,1,0,0,0,14,2
5028337,0,1,0,1,225000,2,4,0,-1,-13861,-5408,1,0,0,0,3,2
5090788,0,1,1,1,225000,1,2,1,3,-10909,-1374,1,0,0,0,7,2
5046126,0,0,1,0,135000,2,2,2,3,-20301,-3092,1,1,1,0,7,2
5092265,1,0,1,0,112500,2,2,2,3,-17837,-351,1,0,0,0,13,2
5143319,0,1,1,0,112500,0,2,2,3,-20838,365243,1,0,0,0,,2
5114354,1,1,0,0,180000,1,2,2,1,-9810,-2993,1,1,0,0,,2
5117248,0,0,1,2,112500,2,2,2,3,-12974,-2379,1,0,0,0,3,4
5024386,0,0,0,0,117000,2,2,2,1,-13494,-1281,1,0,0,0,4,2
5026178,1,1,1,0,135000,2,2,2,3,-19171,-7804,1,1,0,0,3,2
5033439,1,1,0,2,270000,2,4,2,3,-11723,-3002,1,0,1,0,,4
5089320,0,1,0,0,135000,1,4,2,3,-11616,-825,1,1,1,1,6,2
5053872,1,1,1,1,157500,2,2,2,3,-11627,-2128,1,0,0,0,,3
5091735,0,1,1,0,243000,2,2,0,3,-14716,-2057,1,0,0,0,4,1
5105791,1,0,0,0,121500,3,3,0,3,-8947,-1611,1,1,0,0,3,1
5125928,1,0,1,1,135000,2,2,2,3,-11729,-652,1,0,0,0,3,3
5115662,1,1,1,0,225000,1,4,0,3,-15994,-2537,1,0,1,0,4,1
5029256,1,1,1,2,225000,2,4,2,3,-13456,-992,1,0,0,0,9,4
5136029,1,1,0,0,112500,3,2,2,3,-19532,-2331,1,0,0,0,3,2
5037157,0,0,1,0,157500,0,2,2,3,-22861,365243,1,0,1,0,,2
5046531,1,1,0,0,202500,0,4,2,3,-20195,365243,1,0,0,0,,2
5023177,0,0,1,1,337500,2,2,2,3,-17738,-4710,1,1,1,0,3,3
5021967,0,0,0,1,103500,2,2,2,3,-11720,-1191,1,0,0,0,4,3
5135530,0,1,1,0,99000,0,2,2,3,-21014,365243,1,0,0,0,,2
5146534,0,1,0,1,67500,3,2,2,3,-15151,-1162,1,0,0,0,1,3
5126101,0,0,1,0,112500,0,2,2,3,-21042,365243,1,0,1,0,,2
5088161,0,0,1,0,270000,2,2,0,3,-12922,-923,1,0,0,0,1,1
5100394,1,0,1,1,315000,1,2,2,3,-12287,-3900,1,0,0,0,1,3
5079035,0,0,1,0,135000,0,1,2,3,-22569,365243,1,0,0,0,,2
5095631,1,1,0,1,180000,2,4,2,3,-11178,-219,1,0,0,0,9,3
5113647,0,0,1,0,225000,2,3,2,3,-12262,-223,1,0,0,1,7,2
5046336,0,0,0,1,85500,2,2,2,3,-10217,-900,1,1,0,0,5,3
5028781,0,0,1,0,135000,2,2,2,3,-15836,-3034,1,0,0,0,,2
5125730,0,1,1,1,119700,2,4,2,3,-13058,-3329,1,0,1,0,,3
5023724,1,1,0,1,495000,2,2,2,3,-10261,-235,1,0,1,0,3,3
5116369,1,0,1,0,112500,2,2,2,3,-19511,-3503,1,0,0,0,9,2
5062214,0,0,1,2,153000,1,4,2,3,-13283,-1324,1,0,0,0,5,4
5009023,0,0,1,2,216000,3,4,2,3,-15444,-3112,1,0,0,1,,4
5029191,0,0,1,0,202500,2,2,2,3,,-2959,1,0,0,0,4,2
5028946,0,0,1,0,90000,3,2,2,3,-17420,-234,1,0,0,0,,2
5068470,0,0,0,1,108000,1,2,2,3,-15150,-719,1,0,0,0,14,3
5045828,0,0,1,0,270000,0,4,2,3,-22340,365243,1,0,0,0,,2
5095930,0,0,0,0,76500,0,2,2,3,-20592,365243,1,0,1,0,,2
5090049,0,0,1,0,69372,2,2,2,3,-15887,-217,1,1,1,0,3,2
5067730,0,0,1,1,135000,1,3,2,3,-10288,-2616,1,1,1,0,7,3
5092239,0,0,0,0,117000,2,2,2,3,-20754,-2330,1,0,0,0,,2
5105560,0,0,1,0,202500,1,2,2,3,-16817,-4410,1,0,0,1,4,2
5099914,0,0,1,2,126000,2,2,2,3,-10020,-1587,1,1,1,0,4,4
5053032,0,0,1,0,135000,0,2,2,3,-20755,365243,1,0,0,0,,2
5150038,1,0,0,0,180000,2,2,0,-1,-12784,-1537,1,0,0,0,9,1
5053678,0,1,1,0,225000,1,2,0,3,-12075,-1430,1,0,1,0,6,1
5087538,1,0,1,0,81000,1,4,0,3,-9874,-1928,1,0,1,0,3,1
5050440,0,1,1,1,157500,2,3,2,3,-13046,-2753,1,0,0,0,,3
5096670,0,0,0,0,90000,0,2,2,3,-21440,365243,1,0,1,0,,1
5061611,1,1,1,1,225000,2,2,2,3,-11378,-867,1,0,1,0,9,3
5065342,0,0,1,0,157500,0,2,2,3,-22481,365243,1,0,1,0,,2
5041066,0,0,1,0,103500,2,2,0,3,-17461,-2134,1,0,0,0,4,1
5105819,1,1,0,2,202500,1,4,2,3,-11716,-460,1,0,0,0,7,4
5135460,0,0,1,3,37800,0,2,2,3,-13014,365243,1,0,0,0,,5
5009319,0,1,0,0,135000,0,2,2,3,-20140,365243,1,0,1,1,,2
5091006,0,0,1,0,157500,1,2,2,3,-17211,-3232,1,0,0,0,3,2
5050852,1,0,0,0,180000,1,4,0,3,-9488,-1505,1,0,0,0,6,1
5117202,0,0,1,0,135000,2,2,0,3,-13530,-95,1,0,0,0,4,1
5074739,1,0,1,1,225000,2,4,2,3,-13198,-3690,1,0,0,0,1,3
5009472,0,0,0,0,157500,2,2,2,3,-19702,-9870,1,1,1,0,,2
5135378,0,0,1,0,387000,1,2,2,3,-20082,-4979,1,0,0,0,4,2
5135489,1,1,1,2,225000,2,2,2,3,-10380,-3396,1,0,0,0,3,4
5067016,1,0,1,0,225000,2,2,0,3,-9926,-461,1,0,0,0,9,1
5024097,0,1,0,0,126000,3,3,0,3,-11978,-5206,1,1,0,0,1,1
5008865,0,1,1,2,135000,2,2,2,3,-15761,-3173,1,0,0,0,3,4
5116640,0,0,1,1,202500,2,2,2,3,-15804,-732,1,0,0,1,,3
5089770,1,1,1,2,225000,2,2,2,3,-10796,-2531,1,1,0,0,3,4
5009118,0,0,0,0,157500,1,4,1,-1,-15737,-432,1,0,0,0,,1
5042296,1,1,1,1,202500,2,2,2,3,-15207,-2102,1,1,1,0,9,3
5010185,1,0,0,1,247500,2,2,0,3,-16797,-6583,1,0,1,0,3,2
5090509,1,1,1,0,225000,1,4,2,3,-10791,-156,1,0,0,0,7,2
5113006,1,1,0,1,112500,2,2,2,3,-19584,-2199,1,0,0,0,3,3
5026368,1,0,1,1,112500,2,4,2,3,-13682,-5460,1,1,1,0,,3
5095905,0,0,0,0,135000,3,2,0,3,-15429,-1589,1,0,0,0,1,1
5113440,0,0,1,0,207000,2,2,0,3,-18617,-2506,1,0,0,0,2,1
5069289,0,0,1,0,270000,1,3,2,3,-14783,-3397,1,0,0,0,1,2
5135938,0,1,0,2,315000,2,2,2,3,-15621,-3792,1,0,0,0,4,4
5118026,0,0,0,0,315000,1,2,2,3,-13630,-3230,1,0,1,0,6,2
5053524,0,0,1,0,112500,2,2,2,3,-14762,-2464,1,0,1,0,7,2
5010567,0,1,1,0,121500,2,4,2,3,-10145,-1682,1,0,0,1,4,2
5046003,0,0,1,1,225000,2,2,0,3,-15039,-3334,1,0,1,0,15,2
5118225,1,1,0,0,225000,2,2,2,2,-20858,-3110,1,0,0,0,3,2
5036187,0,1,1,1,157500,0,2,2,3,-20661,365243,1,0,1,0,,3
5050635,0,0,0,0,225000,3,2,2,3,-13556,-2966,1,0,0,0,7,2
5067444,0,1,1,0,135000,0,2,2,3,-22880,365243,1,0,0,0,,2
5088805,1,1,1,0,225000,3,2,2,3,-13718,-3694,1,1,1,0,6,2
5117331,0,1,1,0,270000,1,2,1,3,-15027,-2257,1,0,1,0,4,1
5045113,0,0,1,0,202500,0,2,2,3,-21126,365243,1,0,0,0,,1
5067281,1,0,1,1,135000,2,2,2,3,-13233,-2728,1,0,0,0,,3
5137385,0,0,0,0,112500,0,2,2,3,-23272,365243,1,0,1,0,,2
5066832,0,1,1,0,157500,0,1,2,3,-21739,365243,1,0,0,0,,2
5041520,1,1,1,0,450000,1,4,1,3,-16169,-855,1,1,1,0,,1
5023092,0,0,0,0,202500,2,2,1,3,-16868,-4161,1,0,0,0,3,1
5079016,1,1,1,2,900000,1,4,2,3,-9889,-1000,1,0,0,0,7,4
5035682,0,1,1,0,135000,2,2,2,3,-16505,-8377,1,0,0,0,3,2
5139761,1,1,1,0,337500,2,4,2,3,-23711,-7494,1,0,0,0,3,2
5041681,0,0,0,0,94500,0,2,2,3,,365243,1,0,1,0,,2
5033906,1,1,1,0,90000,0,2,2,3,-18351,365243,1,0,0,0,,2
5029251,1,0,1,0,157500,2,4,2,3,-14023,-4280,1,1,0,0,3,2
5091824,1,0,1,0,270000,1,2,0,3,-14638,-5891,1,0,0,0,3,1
5132569,0,0,1,1,112500,1,2,2,3,-14934,-1350,1,0,1,0,4,3
5021490,1,0,1,0,135000,2,2,0,3,-10682,-609,1,0,1,0,4,1
5035859,0,0,1,0,270000,1,2,0,3,-21185,-2381,1,0,0,0,5,1
5022025,1,1,1,0,112500,2,2,0,3,-9952,-1613,1,0,0,0,,1
5116613,1,0,1,0,225000,1,2,2,3,-11808,-3533,1,0,0,0,,2
5115884,0,0,1,0,54000,0,4,2,3,-24507,365243,1,0,0,0,,2
5010303,0,0,1,0,189000,1,2,2,3,-20233,-6218,1,1,1,0,,2
5142496,0,1,1,1,135000,1,4,2,3,-15481,-2874,1,0,0,0,15,3
5046398,0,0,1,0,157500,0,2,0,3,-24216,365243,1,0,0,0,,1
5125585,0,0,1,0,121500,0,2,2,3,-22571,365243,1,0,1,0,,2
5113302,1,0,1,1,180000,2,4,2,-1,-15670,-1654,1,0,0,0,2,3
5139321,0,0,1,0,121500,0,4,2,3,-24231,365243,1,0,0,0,,1
5053918,0,1,0,0,225000,2,4,2,3,-14438,-2433,1,0,0,0,7,2
5067102,0,0,0,0,180000,1,2,0,1,-16761,-4534,1,0,0,0,4,1
5022118,1,0,1,0,315000,2,2,2,3,-19686,-1131,1,0,0,0,3,2
5022954,1,1,1,0,112500,2,2,2,3,-18293,-521,1,1,0,0,,2
5047667,0,0,0,0,90000,1,2,2,3,-8710,-522,1,0,0,0,,2
5091718,0,1,1,0,90000,1,2,2,3,-14116,-2269,1,0,0,0,14,2
5009586,0,0,0,0,45000,2,2,1,3,-14374,-798,1,0,1,0,4,1
5097170,1,1,1,0,180000,3,2,2,3,-9570,-2620,1,0,0,0,9,2
5022015,1,1,1,0,112500,2,2,0,3,-9952,-1613,1,0,0,0,,1
5062594,1,1,1,1,135000,3,4,2,3,-8972,-145,1,0,0,1,1,3
5028726,1,0,1,0,360000,1,2,2,3,-12483,-4039,1,0,0,0,7,2
5033831,1,1,1,0,135000,2,4,2,3,-19322,-663,1,1,1,0,3,2
5046086,0,1,1,0,99000,2,2,2,3,-21030,-2299,1,0,0,0,,2
5135946,1,0,1,0,270000,2,4,0,3,-15222,-3153,1,0,1,0,3,1
5149592,0,0,1,0,157500,2,4,2,3,-12289,-1812,1,0,1,0,1,2
5024103,1,0,1,0,,2,2,2,3,-20185,-2589,1,0,0,0,13,2
5009845,1,1,0,0,180000,2,2,2,3,-15901,-130,1,1,0,0,13,2
5117716,1,1,0,0,315000,2,2,2,3,-16675,-5056,1,1,1,0,9,2
5096169,0,0,0,0,112500,1,2,2,3,-19601,-796,1,0,0,0,6,2
5139823,1,0,1,0,108000,2,2,2,3,-15997,-7341,1,1,1,0,3,2
5067542,0,0,1,0,180000,1,2,2,3,-21180,-2728,1,0,0,0,,2
5090871,0,0,0,2,225000,2,2,2,3,-14172,-1130,1,0,0,0,14,4
5033729,1,1,1,0,90000,2,2,2,3,-12019,-5436,1,1,1,0,3,2
5037212,1,1,1,0,292500,3,4,2,3,-12678,-2368,1,0,0,0,6,2
5116319,0,0,1,2,157500,2,2,2,3,-14212,-1889,1,0,0,0,3,4
5146318,0,0,1,0,135000,2,2,1,3,-14760,-1315,1,0,0,0,,1
5042082,0,1,0,0,315000,1,4,2,3,-19495,-1678,1,0,1,0,5,2
5091416,0,0,1,0,225000,2,4,2,3,-16202,-2939,1,1,1,0,7,2
5041675,0,1,1,1,333000,1,4,2,3,-11525,-1616,1,0,0,0,7,3
5048425,0,0,1,0,171000,2,2,0,3,-19881,-8405,1,0,1,0,5,1
5145965,0,0,0,2,130500,2,2,2,3,-15436,-3476,1,0,0,0,4,4
5126543,0,1,0,0,112500,2,2,2,3,-10238,-3453,1,0,0,0,3,2
5033881,1,1,0,1,202500,1,3,2,3,-10780,-3769,1,0,0,0,3,3
5068378,0,0,1,1,126000,2,4,2,3,-12662,-1359,1,1,1,1,4,3
5029194,1,1,1,0,225000,2,2,2,3,-19293,-2990,1,0,0,0,3,2
5010025,0,0,1,0,135000,2,2,2,3,-20782,-2321,1,0,0,0,3,2
5091016,0,0,1,1,112500,2,2,2,3,-14284,-4267,1,0,0,0,2,3
5149744,0,0,1,1,105750,2,2,2,-1,-12753,-1386,1,0,0,0,8,3
5117561,0,0,0,0,135000,2,2,2,3,,-645,1,1,0,0,3,2
5089760,1,1,1,0,180000,3,4,0,3,-8190,-886,1,0,0,1,,1
5053642,1,0,0,0,360000,1,4,2,3,-20354,-1823,1,0,1,0,7,2
5089934,1,1,0,0,157500,1,2,2,3,-19170,-4965,1,0,0,0,3,2
5143465,0,0,1,0,90000,0,2,0,3,-23262,365243,1,0,1,0,,1
5125127,0,0,1,0,112500,2,2,0,3,-16098,-1868,1,1,1,0,7,1
5113163,0,1,1,1,180000,2,2,2,3,-12579,-3716,1,1,1,0,,3
5116883,1,1,1,0,225000,2,2,2,3,-17779,-1344,1,1,0,0,3,2
5037008,0,0,1,0,67500,0,2,0,3,-20456,365243,1,0,1,0,,1
5090126,1,1,1,0,270000,2,2,0,3,-13805,-1557,1,0,0,0,3,1
5036648,0,0,0,0,202500,1,4,2,3,-11328,-3761,1,0,0,0,6,2
5090335,0,1,1,0,144000,1,2,2,3,-13095,-3716,1,1,1,0,14,2
5053182,1,1,1,0,207000,0,4,2,3,-24312,365243,1,0,0,0,,2
5114342,1,1,0,0,180000,1,2,2,1,-9810,-2993,1,1,0,0,,2
5024163,1,1,1,3,202500,2,2,2,3,-13350,-1981,1,0,0,0,3,5
5115633,1,0,0,0,202500,2,2,2,3,-22800,-102,1,0,0,0,9,2
5126311,1,0,0,0,180000,2,3,2,-1,-7705,-288,1,1,0,1,1,2
5135779,0,0,1,0,126000,2,2,2,3,-23844,-2147,1,0,1,0,5,2
5054697,1,1,1,0,157500,2,4,2,3,-16553,-6908,1,0,0,0,3,2
5116343,1,1,1,1,225000,3,2,2,3,-11695,-3929,1,1,0,0,3,3
5022800,0,1,1,0,202500,2,4,2,3,-11998,-1497,1,0,0,0,7,1
5054348,0,0,0,0,103500,2,2,0,3,-12348,-424,1,1,1,0,4,1
5099980,1,0,1,0,90000,2,2,1,3,-15059,-1069,1,0,0,0,10,1
5087829,1,0,1,0,135000,3,2,2,2,-10448,-2323,1,1,0,1,,2
5051050,1,1,0,0,67500,2,2,2,3,-22407,-2174,1,0,0,0,3,2
5148872,0,0,1,0,135000,3,3,2,3,-15371,-3332,1,0,0,0,1,2
5117323,0,0,1,1,382500,3,4,0,-1,-12116,-553,1,0,0,0,7,2
5088101,0,1,1,0,270000,2,2,1,3,-16971,-375,1,0,0,0,,1
5023587,1,0,0,0,202500,2,2,1,3,-14364,-6352,1,0,0,0,3,1
5028547,1,1,0,1,292500,2,2,1,3,-12692,-1056,1,0,1,0,3,2
5053636,0,0,0,0,225000,0,4,1,3,-21944,365243,1,0,0,0,,1
5149402,0,0,0,1,135000,1,2,2,-1,-13689,-1172,1,0,0,0,4,3
5095554,0,0,0,0,76500,0,2,2,3,-23235,365243,1,0,1,0,,2
5067090,1,0,0,0,180000,2,2,2,3,-13643,-4663,1,0,1,0,3,2
5010865,1,1,1,1,450000,1,2,2,3,-18173,-678,1,0,1,1,1,3
5041147,0,0,1,0,90000,0,2,2,3,-23236,365243,1,0,0,0,,2
5105555,0,0,1,0,157500,2,2,2,3,-19802,-4532,1,0,0,0,3,2
5136976,0,0,0,0,306000,3,4,2,3,-12677,-5587,1,0,0,0,14,2
5058366,0,0,0,0,90000,0,2,0,1,-20125,365243,1,0,0,0,,1
5066458,0,1,1,0,135000,2,2,1,3,,-1406,1,0,0,0,3,1
5045844,0,1,0,0,193500,2,2,2,3,-20836,-8966,1,0,0,0,,2
5115814,1,0,1,3,180000,2,2,2,3,-14336,-6860,1,0,0,0,3,5
5062362,0,0,1,0,270000,0,4,2,3,-20814,365243,1,0,0,0,,2
5010596,0,0,1,0,112500,0,2,2,3,-22927,365243,1,0,0,0,,2
5113472,1,0,1,0,202500,2,2,2,3,-19200,-346,1,0,1,0,6,2
5041535,0,0,1,0,180000,1,2,2,3,-19819,-1463,1,0,1,0,3,1
5066617,0,0,1,0,139500,2,2,2,3,-18730,-157,1,0,0,1,2,2
5126751,1,1,0,2,135000,2,2,2,-1,-16625,-561,1,0,0,0,,4
5009908,1,1,0,0,202500,2,2,2,3,-19120,-3661,1,0,0,0,9,2
5068337,0,1,1,0,112500,2,4,2,3,-10101,-505,1,1,1,0,3,2
5105535,1,1,1,0,126000,0,2,1,3,-20309,365243,1,0,1,0,,1
5061724,0,0,1,0,193500,0,3,2,3,-24295,365243,1,0,0,0,,1
5028919,0,1,1,0,112500,2,2,2,3,-17202,-1787,1,0,0,0,4,2
5035627,1,1,1,0,337500,2,4,2,3,-18110,-6764,1,0,0,0,7,2
5074705,0,0,1,0,157500,2,4,0,3,-22235,-10600,1,0,0,0,3,1
5114061,1,1,0,1,193500,2,4,2,3,-17932,-3999,1,1,1,0,,3
5100373,0,0,1,2,180000,1,2,2,3,-12848,-3960,1,0,0,0,1,4
5112765,0,1,0,1,315000,1,4,2,3,-11025,-2065,1,1,1,1,,3
5045439,1,1,1,0,180000,0,4,2,3,-23546,365243,1,0,0,0,,2
5113922,0,0,0,0,90000,0,2,0,1,-23478,365243,1,0,0,0,,1
5037125,1,1,0,0,180000,2,4,2,-1,-11664,-2227,1,0,1,0,1,2
5029538,0,0,1,0,112500,2,4,2,3,-12783,-1205,1,0,0,0,1,2
5010078,1,1,0,2,157500,2,2,2,1,-12518,-1135,1,0,0,0,8,4
5085861,0,0,1,0,135000,2,2,2,3,-18199,-5190,1,0,0,0,8,2
5009146,1,1,0,0,315000,2,4,2,3,-15825,-3720,1,1,1,0,7,2
5149433,0,1,1,0,112500,2,2,2,3,-19584,-2633,1,0,0,0,,1
5061753,0,0,1,0,135000,0,2,2,3,-23035,365243,1,0,1,0,,2
5143009,1,1,0,1,99000,0,2,2,3,-18692,365243,1,0,1,0,,3
5079017,1,1,1,2,900000,1,4,2,3,-9889,-1000,1,0,0,0,7,4
5096318,1,1,0,0,270000,1,4,0,3,-9517,-158,1,0,0,0,1,1
5038615,0,0,0,1,112500,1,4,2,-1,-12331,-3272,1,0,0,0,1,3
5047670,0,0,0,1,180000,3,4,2,3,-14069,-2500,1,1,1,1,1,3
5044987,0,0,1,0,141750,0,4,2,3,-20345,365243,1,0,1,0,,2
5036828,0,0,1,0,180000,2,4,2,3,-19207,-4327,1,0,0,0,4,2
5139892,0,0,1,0,112500,3,2,2,3,-18484,-6033,1,0,1,0,14,2
5135446,0,0,1,1,225000,2,2,2,-1,-10035,-170,1,0,0,0,8,3
5095586,0,0,0,0,270000,2,3,2,3,-8784,-278,1,1,0,1,14,2
5068963,1,1,0,0,202500,2,4,2,3,-15181,-3062,1,0,0,0,,2
5022047,1,1,1,0,135000,2,2,2,2,-14917,-8157,1,1,1,0,9,2
5048121,1,1,1,2,292500,1,2,2,3,-12091,-2653,1,0,1,0,,4
5117219,0,0,1,0,202500,2,2,2,3,-11107,-1953,1,0,0,0,1,2
5009821,0,1,0,0,99000,2,2,2,3,-14883,-5457,1,0,1,0,2,2
5033500,1,0,1,0,202500,1,2,2,3,-17578,-1997,1,0,0,0,3,2
5058281,0,0,1,0,306000,1,4,2,3,-14897,-3435,1,1,1,1,,2
5054373,0,0,0,0,148500,0,2,2,3,-20723,365243,1,0,1,0,,1
5142988,0,0,0,1,135000,2,4,2,3,-10567,-1504,1,1,0,0,1,3
5137229,1,1,0,0,180000,1,2,2,1,-14084,-2696,1,1,0,0,9,2
5113373,0,0,1,1,180000,0,4,2,3,-18979,365243,1,0,1,0,,3
5053152,0,0,1,0,157500,0,2,2,3,-23774,365243,1,0,0,0,,1
5090386,0,0,1,0,247500,1,4,0,3,-21537,-13735,1,0,0,0,1,1
5142899,0,0,0,0,112500,1,4,0,-1,-9052,-227,1,0,0,0,3,1
5113510,1,1,1,0,180000,2,2,2,3,-17176,-132,1,0,0,0,3,2
5091457,0,0,1,2,103500,2,2,2,3,,-6621,1,1,1,0,14,4
5009791,0,0,0,0,198000,0,2,2,3,-22002,365243,1,0,1,0,,1
5149484,0,1,1,1,135000,1,4,2,3,-11278,-2481,1,0,0,0,,3
5092221,1,0,0,0,67500,3,2,2,3,-11654,-2818,1,0,0,0,3,2
5067003,1,1,1,0,202500,2,2,2,3,-18752,-11906,1,0,1,0,3,2
5023838,0,1,0,0,315000,1,2,2,3,-19801,-1077,1,0,1,0,1,2
5095433,0,0,1,0,292500,2,4,2,3,-18764,-9258,1,0,0,0,6,2
5033797,0,1,1,0,148500,1,2,2,2,-17107,-2277,1,0,0,0,1,2
5022803,0,1,1,0,202500,2,4,2,3,-11998,-1497,1,0,0,0,7,1
5104953,1,1,1,0,180000,2,2,2,3,-21684,-2422,1,0,0,0,9,2
5100098,0,0,1,0,90000,2,2,2,3,-10851,-826,1,0,0,0,,2
5091792,1,1,1,1,135000,2,2,2,3,-15216,-2969,1,1,0,0,10,3
5149805,0,0,1,0,135000,3,3,0,-1,-9873,-2086,1,0,1,1,,1
5089681,0,0,0,0,261000,1,3,2,3,-10028,-1070,1,1,0,0,,2
5052678,0,0,1,1,135000,2,4,2,3,-15624,-8172,1,1,1,0,6,3
5116809,0,0,1,0,112500,2,2,2,3,-18365,-701,1,0,0,0,6,2
5143353,1,1,0,0,135000,2,2,2,3,-10578,-1384,1,1,0,0,4,2
5090232,0,0,1,0,135000,2,2,2,3,-21977,-9447,1,0,0,0,6,1
5117095,1,1,1,0,360000,0,2,2,3,-14010,365243,1,0,0,0,,2
5088987,0,0,0,2,171000,2,2,2,3,-14622,-1160,1,1,1,0,1,4
5021584,0,0,0,1,40500,3,2,2,2,-13052,-1952,1,0,0,0,2,3
5009291,0,0,0,0,130500,2,2,2,3,-15140,-4816,1,0,1,0,8,2
5051007,0,0,0,0,306000,1,4,2,3,-10707,-1354,1,0,0,0,7,2
5024263,0,1,0,0,202500,1,2,2,1,-21276,-1128,1,0,1,0,5,2
5125771,0,0,1,0,112500,2,2,2,3,-23360,-469,1,0,0,0,,2
5021879,1,1,0,2,112500,2,2,2,3,-13095,-217,1,0,1,0,3,4
5137247,0,0,0,0,90000,2,2,2,3,-17355,-3273,1,1,1,0,17,2
5096336,0,1,0,0,153000,0,2,2,3,-23679,365243,1,0,1,0,,1
5061762,0,1,0,1,135000,2,4,2,2,-11262,-563,1,0,0,1,5,3
5069117,0,0,1,0,180000,0,2,0,3,-20577,365243,1,0,0,0,,1
5009579,0,0,0,0,112500,0,2,2,3,-21316,365243,1,0,0,0,,2
5048319,0,0,0,0,90000,2,4,1,3,-21887,-1526,1,0,0,0,1,1
5023389,1,1,1,2,157500,1,4,2,3,-13536,-2092,1,0,0,0,1,4
5143457,1,1,1,0,247500,3,2,2,3,-11912,-1749,1,0,0,0,6,2
5089225,1,0,0,0,112500,0,2,2,3,-23027,365243,1,0,1,0,,2
5069257,0,1,1,1,67500,2,2,2,3,-12821,-931,1,0,1,1,3,3
5044939,1,0,1,2,360000,3,4,2,3,-16027,-5639,1,0,1,0,7,4
5022730,1,1,0,3,360000,1,2,2,3,-15262,-1674,1,0,0,0,7,5
5149413,0,0,1,2,315000,1,4,2,3,-10937,-168,1,0,1,0,7,4
5062745,0,0,1,0,157500,2,2,2,3,-15035,-1128,1,0,1,0,8,2
5105565,1,0,1,0,135000,0,2,2,3,-23094,365243,1,0,1,0,,2
5114544,0,0,1,0,166500,2,3,2,3,-10794,-4029,1,0,0,1,3,2
5100352,1,0,0,0,180000,2,2,2,3,,-4967,1,1,1,0,3,2
5078841,1,0,1,0,225000,2,2,2,3,-20298,-3282,1,0,0,0,14,2
5117392,0,0,0,0,135000,1,3,0,3,-17615,-339,1,0,0,0,5,1
5022189,0,0,0,1,135000,1,2,1,3,-15170,-7979,1,0,0,0,6,2
5105422,0,0,1,0,193500,2,2,0,3,-18449,-9683,1,0,0,0,,1
5143453,1,1,1,0,247500,3,2,2,3,-11912,-1749,1,0,0,0,6,2
5067832,0,1,1,0,315000,2,4,2,3,-21377,-577,1,0,0,1,,2
5090995,1,1,1,0,405000,2,4,2,3,-10323,-2622,1,1,1,1,7,2
5089512,0,1,0,1,405000,2,2,2,2,-13810,-1678,1,1,1,1,1,3
5116373,0,0,0,1,90000,2,2,2,-1,-10092,-976,1,0,0,0,,3
5149106,1,0,1,2,270000,2,2,2,3,-12488,-3608,1,0,0,0,13,4
5091737,0,1,1,0,243000,2,2,0,3,-14716,-2057,1,0,0,0,4,1
5052620,1,1,1,1,180000,1,2,2,3,-15988,-1994,1,0,1,0,6,3
5087819,1,0,1,2,112500,2,2,2,3,-15788,-1563,1,0,0,0,13,4
5139757,1,1,1,0,337500,2,4,2,3,-23711,-7494,1,0,0,0,3,2
5113639,0,0,0,0,135000,0,4,2,1,-19700,365243,1,0,0,0,,2
5052811,0,0,1,0,117000,2,2,2,3,-17189,-4523,1,0,0,0,7,2
5095751,0,0,0,0,202500,2,2,2,-1,-12869,-340,1,1,1,0,7,2
5096785,0,1,1,0,270000,0,2,2,3,-24194,365243,1,0,0,0,,2
5062286,1,0,1,0,202500,1,2,2,3,-8353,-1081,1,1,0,1,1,2
5090805,0,0,0,0,135000,2,2,0,3,-16814,-6614,1,0,0,0,,1
5079075,0,0,1,0,216000,2,2,2,3,-15569,-1639,1,1,0,0,1,2
5146447,0,0,1,0,135000,2,2,2,3,-14394,-919,1,0,1,0,7,1
5051008,0,0,0,1,225000,1,2,2,3,-10448,-3392,1,1,1,1,18,3
5100106,1,1,0,0,81000,2,2,2,3,-17660,-3261,1,1,1,0,3,2
5094896,1,1,1,1,180000,2,2,2,3,-14136,-3928,1,0,0,0,7,3
5050894,1,1,0,0,292500,0,2,2,3,-18875,365243,1,0,0,0,,2
5054414,1,0,0,0,225000,1,4,2,-1,-13021,-5082,1,1,0,0,7,2
5025791,0,0,1,0,157500,2,2,2,3,-18506,-3630,1,0,0,0,1,2
5067949,0,0,1,0,157500,1,2,0,3,-18133,-3591,1,0,1,1,,1
5142482,1,1,0,2,166500,1,4,2,3,-12312,-1199,1,0,0,0,1,4
5041271,1,0,1,0,445500,1,4,1,3,-19298,-2469,1,0,0,0,,1
5115957,0,1,1,0,180000,2,2,2,3,-15494,-4304,1,0,0,0,4,1
5010881,0,0,1,0,45000,0,2,2,3,-20688,365243,1,0,1,0,,2
5029423,0,0,1,1,315000,3,2,2,3,-11206,-2514,1,0,0,1,1,3
5105159,1,0,1,2,450000,1,4,2,3,-12238,-2187,1,1,1,0,7,4
5029610,0,1,1,0,180000,1,4,0,3,-15161,-7140,1,0,0,0,1,1
5117450,0,0,0,2,90000,2,2,2,3,-11863,-96,1,1,0,0,,4
5143620,0,0,1,0,,0,2,2,3,-23208,365243,1,0,1,0,,2
5023949,1,1,1,1,148500,2,2,2,3,-14962,-5176,1,0,0,0,3,3
5089737,0,1,0,0,135000,2,2,2,3,-19010,-6761,1,1,1,0,8,2
5143402,1,1,1,0,144000,1,4,2,3,-19270,-2356,1,0,1,0,7,2
5041921,1,0,0,0,135000,0,2,2,3,,365243,1,0,1,0,,2
5136909,1,0,0,1,360000,2,2,2,3,-15244,-2908,1,1,0,1,7,3
5143596,0,0,0,0,90000,2,2,2,3,-11639,-3333,1,1,0,0,12,2
5095939,1,0,0,0,157500,2,2,2,3,-17340,-3596,1,0,1,0,7,2
5113343,1,0,1,2,135000,2,2,2,3,-11462,-4606,1,0,0,0,3,4
5142920,0,0,0,1,292500,2,3,2,3,-12454,-4030,1,1,1,0,4,3
5114294,0,0,0,0,112500,3,2,2,3,-19295,-5246,1,1,0,0,,1
5088055,0,0,1,0,216000,2,2,0,3,-17937,-3054,1,0,0,0,14,1
5142815,1,1,0,0,126000,1,3,2,3,-10359,-2906,1,0,1,0,3,2
5054460,1,1,0,1,135000,2,2,2,3,-18934,-1915,1,0,1,0,3,3
5113134,0,0,1,0,189000,0,3,2,3,-21845,365243,1,0,0,0,,1
5069380,1,0,1,0,337500,2,2,0,3,-16717,-1267,1,0,0,0,6,1
5065798,0,0,1,0,44550,0,2,2,3,-22911,365243,1,0,0,0,,2
5036396,0,1,1,0,112500,2,2,2,3,-13686,-1256,1,0,0,0,2,2
5148535,0,0,1,1,157500,2,2,2,3,-10473,-1721,1,0,1,0,,3
5105436,1,0,1,2,112500,2,2,2,3,-14358,-2317,1,0,0,0,,4
5105412,0,0,1,2,135000,2,2,2,3,-12760,-1518,1,0,0,0,,4
5026177,1,1,1,0,135000,2,2,2,3,-19171,-7804,1,1,0,0,3,2
5142584,1,1,1,0,301500,2,2,2,2,-9009,-864,1,0,0,0,3,2
5054297,0,1,0,0,112500,2,2,2,3,-14060,-7364,1,1,0,0,2,2
5118108,1,1,0,0,90000,2,2,0,3,-8304,-1101,1,1,0,0,3,1
5054106,0,0,0,0,67500,0,2,1,3,-21516,365243,1,0,0,0,,1
5010683,1,1,1,0,292500,2,4,2,3,-10297,-2231,1,0,0,0,7,2
5045850,0,1,1,2,315000,1,4,2,-1,-12621,-1327,1,0,0,0,7,4
5058371,0,0,1,0,117000,2,2,2,3,-17468,-355,1,1,1,0,,2
5068147,0,0,1,0,157500,0,2,0,3,-20441,365243,1,0,0,0,,1
5137187,0,1,0,0,67500,2,2,2,3,-11405,-1934,1,1,0,0,,2
5139859,1,1,1,0,189000,0,2,1,3,-20011,365243,1,0,0,0,,1
5095873,0,0,0,0,202500,2,4,2,3,-15309,-5179,1,1,1,0,1,2
5126809,1,0,1,1,157500,1,2,2,3,-10676,-2326,1,0,1,1,3,3
5096604,0,1,0,1,225000,2,4,2,3,-13528,-980,1,1,1,0,1,3
5036765,0,0,0,1,112500,2,2,2,3,-12834,-1224,1,0,0,1,3,3
5091880,0,1,1,0,202500,1,2,2,3,-18463,-7048,1,0,0,0,5,2
5090082,1,0,0,0,180000,1,2,2,3,-15051,-1678,1,0,0,0,,2
5061481,0,0,1,1,225000,1,4,2,3,-9615,-2266,1,0,0,1,7,3
5125235,0,0,1,2,157500,1,4,2,3,-13766,-73,1,0,0,0,6,4
5089474,1,0,0,0,180000,2,4,2,3,-14344,-3443,1,0,0,0,3,2
5126021,0,0,0,1,112500,2,2,2,3,-14788,-2661,1,1,1,0,1,3
5114630,0,0,1,0,81000,2,2,2,3,-19738,-286,1,1,0,0,4,2
5010225,0,1,1,1,90000,3,2,2,3,-17532,-8044,1,0,0,0,14,3
5118526,0,0,1,0,180000,1,4,2,3,-22190,-523,1,0,0,0,,2
5061340,0,0,1,0,94500,0,2,2,3,-24302,365243,1,0,0,0,,1
5118527,0,0,1,0,180000,1,4,2,3,-22190,-523,1,0,0,0,,2
5090186,1,1,1,0,450000,0,4,2,3,-23451,365243,1,0,0,0,,2
5089596,1,1,0,0,315000,1,2,2,3,-14011,-978,1,0,0,0,7,2
5066865,0,0,1,2,54000,2,2,2,3,-9905,-795,1,0,0,0,4,4
5061832,0,0,1,0,112500,0,2,2,3,-22616,365243,1,0,0,0,,2
5009941,0,0,1,2,157500,2,2,2,3,-10710,-2351,1,0,0,0,4,4
5052731,0,0,1,0,180000,1,2,2,3,-13812,-1114,1,0,0,0,3,2
5137175,0,0,0,0,225000,2,2,2,3,-20142,-3760,1,1,1,0,4,2
5045614,1,1,1,1,360000,2,4,2,3,-15556,-1327,1,0,0,0,9,3
5067926,0,0,1,0,112500,0,2,2,3,-22743,365243,1,0,0,0,,1
5047870,1,1,1,1,292500,1,4,2,3,-12569,-3322,1,0,0,0,,3
5025161,1,0,0,0,360000,2,2,2,3,-12523,-5145,1,0,0,0,3,2
5145694,1,1,1,0,225000,2,4,0,-1,-9444,-663,1,1,1,0,,1
5113455,0,0,1,1,126000,1,2,2,3,-18140,-4119,1,0,0,0,3,3
5150164,0,0,0,0,135000,0,2,2,1,-23643,365243,1,0,1,0,,1
5126321,0,0,0,0,270000,2,2,2,3,-17778,-1719,1,1,1,0,6,2
5088450,0,0,1,0,157500,3,2,2,3,-22887,-2052,1,0,1,0,9,1
5068631,0,1,1,0,216000,2,2,2,3,-21216,-3641,1,0,0,0,7,2
5021693,1,1,1,2,337500,2,3,2,3,-12418,-1678,1,0,1,0,3,4
5111172,1,1,1,0,225000,2,4,2,2,-10602,-481,1,0,0,0,4,2
5029184,0,0,1,1,108000,2,2,2,3,-15973,-4603,1,0,0,0,3,3
5069051,1,1,0,0,225000,1,2,2,3,-17762,-2484,1,0,0,0,3,2
5046379,0,0,0,0,180000,2,3,2,3,-19558,-1904,1,0,0,0,3,2
5118477,0,0,1,0,180000,2,2,2,3,-17386,-888,1,0,0,0,3,2
5106118,0,1,1,1,135000,2,4,2,3,-13467,-393,1,0,0,0,1,3
5024148,0,1,0,0,180000,2,4,2,-1,-11380,-1007,1,1,1,0,5,2
5112966,0,0,0,0,112500,2,2,2,3,-18805,-10688,1,0,1,0,,2
5089240,0,0,0,0,270000,3,2,1,3,-19363,-12332,1,0,1,1,14,1
5067262,0,1,1,0,270000,2,2,2,3,-19982,-1724,1,0,1,0,,2
5045255,0,0,1,1,270000,2,2,2,3,-20854,-3689,1,0,0,0,1,3
5044478,0,0,0,0,135000,2,2,2,3,,-2228,1,0,0,0,,2
5136020,1,1,0,1,351000,1,2,2,3,-16143,-8479,1,0,0,0,15,3
5033418,1,1,0,0,202500,1,2,2,3,-10756,-2180,1,0,1,0,7,2
5021737,0,0,1,0,189000,0,2,2,3,-20858,365243,1,0,0,0,,1
5023231,1,1,1,0,270000,2,2,1,3,-17376,-1362,1,0,0,0,3,1
5029225,0,1,1,0,144000,0,2,2,3,-21406,365243,1,0,1,0,,2
5028909,0,0,0,0,67500,2,2,2,3,-9963,-1876,1,0,0,0,4,2
5090793,0,0,1,0,247500,2,4,2,3,-14020,-3503,1,0,1,0,1,2
5126517,1,1,0,0,157500,2,4,2,3,-20516,-2265,1,0,1,0,3,2
5146114,0,0,1,0,157500,3,4,1,3,-20763,-11389,1,0,1,0,,1
5146034,1,0,1,0,157500,2,2,0,3,-17111,-4146,1,0,0,0,2,1
5142972,1,0,0,1,180000,2,2,0,3,-10656,-926,1,1,1,0,3,3
5028569,0,1,1,0,315000,1,2,2,3,-15653,-5500,1,0,0,1,1,2
5114032,0,0,0,0,99000,2,4,2,3,-14661,-5521,1,0,0,0,,2
5085826,0,0,0,0,351000,1,4,2,3,-21574,-1081,1,0,1,0,,2
5053089,0,0,0,0,175500,2,2,0,3,-18643,-658,1,0,0,0,6,1
5117753,1,1,0,0,306000,2,2,2,3,-16011,-1649,1,0,0,0,7,2
5126826,0,0,0,1,157500,2,2,2,-1,-11680,-3695,1,0,0,0,4,3
5018505,0,0,0,0,58500,0,2,2,3,-20970,365243,1,0,0,0,,2
5067893,1,1,1,0,292500,2,2,2,2,-17011,-901,1,0,0,0,,2
5048305,0,0,0,0,,2,4,1,3,-21887,-1526,1,0,0,0,1,1
5135531,1,1,1,0,225000,2,2,1,3,-13867,-1751,1,0,0,0,9,1
5067019,0,1,1,1,247500,2,2,2,3,-17152,-1253,1,0,0,1,3,3
5115671,1,1,1,1,189000,2,4,2,3,-13317,-3663,1,0,0,0,6,3
5136985,1,1,0,0,247500,2,2,0,3,-12340,-3334,1,1,0,0,7,1
5126687,0,0,1,0,90000,2,2,2,3,-19899,-3149,1,1,0,0,,2
5058509,0,0,1,0,148500,0,2,2,3,-22774,365243,1,0,0,0,,2
5045513,1,1,0,1,180000,2,2,2,3,-11498,-4491,1,0,0,0,,3
5021730,0,1,1,1,180000,1,2,2,3,-16971,-1375,1,0,0,1,8,3
5048542,0,0,1,0,121900.5,0,2,2,3,-15946,365243,1,0,0,0,,2
5096342,0,0,0,0,112500,2,2,2,1,-11688,-1162,1,1,0,0,3,2
5021293,0,1,1,1,180000,1,4,2,3,-11901,-183,1,0,0,1,1,3
5143079,0,1,0,0,225000,1,2,2,3,-13926,-500,1,0,0,0,4,2
5116478,1,1,1,2,450000,1,2,2,3,-13383,-489,1,0,1,0,9,4
5062294,0,1,1,0,225000,2,4,2,3,-17795,-2450,1,0,0,1,7,2
5091222,0,0,1,3,135000,2,2,2,3,-14838,-1539,1,0,0,0,3,5
5089887,0,0,1,0,157500,2,4,2,3,-10662,-1556,1,0,0,0,4,2
5090790,0,1,1,0,238500,2,4,2,3,-15203,-7095,1,0,0,0,14,2
5146429,1,1,0,0,261000,1,3,2,-1,-8897,-674,1,0,0,0,4,2
5069292,0,1,1,1,180000,1,2,2,3,-15461,-2605,1,1,1,0,7,3
5054407,1,0,0,0,225000,1,4,2,-1,-13021,-5082,1,1,0,0,7,2
5028616,1,0,1,1,135000,2,4,2,3,-9403,-1999,1,1,1,0,6,3
5036319,0,0,1,0,112500,1,2,0,3,-17993,-555,1,0,0,0,13,1
5116606,1,1,1,0,180000,2,3,2,3,-17115,-4599,1,0,1,0,3,2
5089218,0,1,0,1,171000,2,2,2,3,-14017,-6488,1,1,1,0,14,3
5068648,1,0,1,0,135000,2,2,0,-1,-11344,-1054,1,0,0,0,9,1
5143560,1,0,0,2,202500,2,2,2,-1,-10954,-745,1,0,0,0,9,4
5024925,0,0,0,0,33750,0,4,2,3,-19054,365243,1,0,0,0,,2
5029082,0,0,1,0,135000,0,2,2,3,-22017,365243,1,0,1,0,,1
5116633,0,0,1,0,135000,0,4,0,3,-22501,365243,1,0,0,0,,1
5126518,1,1,0,0,157500,2,4,2,3,-20516,-2265,1,0,1,0,3,2
5104945,0,0,1,3,67500,1,2,2,3,-16694,-412,1,1,1,0,4,5
5116991,1,1,1,0,135000,2,2,2,3,-14495,-3505,1,0,1,0,3,2
5096340,0,1,0,0,153000,0,2,2,3,-23679,365243,1,0,1,0,,1
5024670,0,0,1,1,180000,2,4,1,3,-15113,-1585,1,0,0,0,16,2
5062095,1,1,0,0,180000,2,2,0,3,-10171,-1812,1,1,1,0,6,1
5079057,1,1,0,0,121500,2,2,2,3,-14869,-6904,1,0,1,0,3,2
5041881,1,0,0,0,112500,2,2,2,2,-14778,-2530,1,0,0,0,,2
5053117,1,1,0,1,270000,1,2,2,3,-13534,-1420,1,0,0,0,,3
5115921,1,1,1,0,360000,1,2,2,3,-15344,-314,1,0,0,0,9,2
5150221,1,1,1,0,116100,2,2,2,3,-10136,-2441,1,0,0,0,3,2
5026166,1,1,1,0,225000,0,4,2,3,-24166,365243,1,0,0,0,,2
5100171,1,1,1,0,450000,0,4,2,3,-17296,365243,1,0,0,0,,2
5126294,1,0,0,0,225000,2,2,2,3,-21149,-11884,1,1,0,0,3,2
5149980,0,0,1,1,405000,3,4,2,3,-12732,-4520,1,0,0,0,1,3
5089580,0,1,0,0,112500,3,2,2,3,-11664,-460,1,1,1,0,1,2
5041320,0,0,0,0,157500,2,4,0,2,-18973,-3289,1,0,0,0,3,1
5105499,0,0,1,0,202500,2,4,2,3,-10669,-1495,1,0,0,0,,2
5095514,1,1,1,0,297000,2,2,2,3,-20509,-1161,1,0,1,0,,2
5089275,0,1,0,0,315000,2,4,2,3,-13592,-3504,1,0,1,1,5,2
5069066,1,0,1,0,202500,2,2,0,3,-9743,-3093,1,0,0,0,3,1
5125542,1,0,0,0,180000,2,4,2,-1,-13484,-2417,1,1,1,0,6,2
5095033,1,1,1,0,202500,1,4,2,3,-15406,-1463,1,0,0,0,9,2
5142163,1,0,1,1,360000,2,2,2,3,-11524,-2554,1,0,0,0,4,3
5029529,1,1,1,0,112500,0,1,2,3,-21719,365243,1,0,1,0,,2
5090493,0,0,0,0,121500,0,2,2,3,-21310,365243,1,0,0,0,,2
5105291,0,0,0,0,112500,2,2,2,-1,-10240,-818,1,1,1,0,1,1
5116005,1,1,1,1,900000,1,4,2,3,-16923,-2537,1,0,0,0,6,3
5115679,1,0,1,0,112500,0,2,2,3,-22442,365243,1,0,1,0,,2
5061500,0,0,1,1,135000,2,3,2,3,-15948,-9359,1,0,0,0,,3
5045380,1,1,1,0,261000,2,3,2,3,-15936,-1508,1,0,1,0,7,2
5041355,1,1,1,0,121500,0,4,2,3,-24261,365243,1,0,1,0,,2
5113057,0,1,0,0,202500,1,3,1,3,-14096,-1344,1,0,1,1,5,1
5148981,0,1,1,0,94500,2,2,2,3,-18095,-10364,1,0,0,0,6,2
5010238,1,1,1,0,225000,2,2,2,3,-16507,-4331,1,0,0,0,9,2
5024604,0,0,1,0,630000,0,2,0,3,-21982,365243,1,0,1,0,,1
5090705,0,0,0,0,202500,0,4,0,3,-23290,365243,1,0,0,0,,1
5050724,0,1,0,0,360000,2,4,2,3,-12845,-2296,1,1,1,0,5,2
5142781,1,1,0,2,157500,2,2,1,-1,-13979,-1626,1,0,0,0,3,3
5114643,0,1,0,0,247500,2,2,1,3,-13546,-2142,1,0,0,0,3,1
5087536,1,0,1,0,81000,1,4,0,3,-9874,-1928,1,0,1,0,3,1
5053744,0,0,1,0,360000,3,4,2,3,-16182,-3163,1,0,1,0,7,2
5117698,1,1,0,0,315000,2,4,2,3,-20319,-3961,1,1,0,0,,2
5118560,0,0,1,0,126000,2,2,0,3,-16849,-2896,1,0,1,0,2,1
5054496,0,1,1,0,225000,1,4,1,3,-12102,-1185,1,0,0,0,12,1
5033895,0,0,0,2,135000,2,2,2,-1,-11296,-1670,1,0,0,0,1,4
5033659,1,0,1,0,225000,1,2,2,3,-19103,-3670,1,0,0,0,3,2
5062205,0,0,1,0,112500,1,4,2,3,-17472,-1202,1,1,1,0,,2
5056237,0,0,1,0,40500,2,2,2,3,-12729,-4936,1,1,0,0,8,2
5061773,0,0,1,0,157500,0,2,1,3,-21049,365243,1,0,0,0,,1
5135863,0,0,1,2,67500,2,2,2,3,-12226,-596,1,0,0,0,4,4
5050793,0,0,0,0,315000,3,4,2,3,-21247,-6648,1,0,0,0,1,2
5091057,0,0,1,2,270000,1,4,2,3,-15438,-2197,1,0,0,1,17,4
5149368,0,0,1,0,180000,0,2,2,3,-21369,365243,1,0,1,0,,2
5053156,0,0,1,0,157500,0,2,2,3,-23774,365243,1,0,0,0,,1
5091651,0,1,1,1,252000,1,2,1,3,-10707,-747,1,0,0,0,,2
5118545,0,1,0,0,270000,2,2,2,3,-18279,-1741,1,0,1,0,4,2
5024592,1,1,1,0,157500,2,2,2,-1,-8893,-1615,1,1,0,0,9,2
5125804,0,0,1,0,270000,2,2,1,3,-18340,-2052,1,0,0,1,3,1
5024726,1,0,1,0,162000,0,4,2,3,-23273,365243,1,0,1,0,,2
5142448,1,1,1,0,315000,2,3,2,3,,-1444,1,0,0,0,7,2
5033728,0,1,1,1,202500,2,2,2,3,-13666,-2089,1,1,1,0,1,3
5149327,0,1,1,1,180000,2,4,1,3,-18838,-5981,1,0,0,0,7,2
5024033,0,0,1,2,112500,2,2,2,-1,-14612,-397,1,0,0,0,1,4
5113841,0,0,1,0,135000,1,4,2,3,-8961,-923,1,1,0,1,1,2
5022918,0,0,1,0,225000,2,4,0,3,-12195,-2592,1,0,1,0,7,1
5142649,1,1,0,0,157500,2,2,2,3,-17575,-2234,1,0,1,0,3,2
5048276,0,1,0,1,112500,2,4,0,3,-10028,-1618,1,0,0,0,1,2
5022612,1,1,1,1,202500,2,2,2,3,-10144,-825,1,0,0,0,3,3
5028446,0,1,1,0,162000,2,2,0,3,-18071,-2822,1,0,0,0,3,1
5113556,1,1,1,0,450000,1,2,2,3,-18318,-923,1,0,1,1,9,2
5091894,1,0,0,0,157500,1,4,0,3,-10192,-1600,1,0,0,0,4,1
5025181,0,0,0,0,270000,1,2,0,3,-22829,-2558,1,0,0,0,6,1
5091795,0,1,0,1,90000,2,2,2,3,-15179,-991,1,0,0,0,3,3
5022343,0,0,1,0,67500,0,2,2,3,-23498,365243,1,0,0,0,,1
5065704,1,1,1,0,225000,0,2,0,3,-17454,365243,1,0,1,0,,1
5068511,0,0,1,0,135000,1,2,2,3,-15875,-2758,1,1,1,0,1,2
5053941,0,0,0,0,135000,0,2,2,3,-21100,365243,1,0,1,0,,1
5036926,0,1,1,0,157500,1,2,2,3,-11907,-2988,1,1,1,1,1,2
5114138,0,0,0,2,180000,3,2,2,2,-11176,-2904,1,1,0,0,3,4
5142595,1,1,1,0,418500,2,4,2,3,-19038,-73,1,0,1,0,,2
5052883,1,1,1,0,225000,2,2,2,3,-17915,-3366,1,0,0,0,9,2
5068019,1,1,1,0,135000,2,2,2,3,-15438,-3377,1,0,0,0,3,2
5146024,0,0,1,0,360000,1,4,2,3,-11089,-3902,1,0,1,0,1,2
5036093,0,0,1,0,135000,2,2,2,3,-21694,-3202,1,1,0,0,13,2
5068339,0,1,1,0,112500,2,4,2,3,-10101,-505,1,1,1,0,3,2
5095020,0,0,1,0,225000,1,2,2,3,-13046,-671,1,0,0,0,,2
5105185,1,0,1,0,180000,2,2,2,3,-16165,-848,1,1,0,0,3,2
5117216,0,0,1,0,202500,2,2,2,3,-11107,-1953,1,0,0,0,1,2
5089632,0,0,0,0,315000,1,4,2,3,-16188,-309,1,1,1,1,4,2
5100464,1,1,1,1,315000,2,4,2,3,-17318,-552,1,0,1,0,3,3
5028930,0,1,1,0,112500,2,2,2,3,-17202,-1787,1,0,0,0,4,2
5036412,0,0,1,0,83250,0,2,2,3,-20219,365243,1,0,1,0,,2
5116643,0,0,1,0,261000,2,2,2,3,-20047,-2559,1,0,0,0,3,2
5091766,1,0,1,0,247500,2,2,2,3,-17454,-2361,1,0,0,0,3,2
5067961,1,1,1,0,360000,2,4,2,3,-22111,-3854,1,0,0,0,7,2
5033814,0,0,1,0,135000,2,2,2,3,-13153,-1182,1,0,0,0,3,2
5113847,0,0,1,0,225000,2,2,2,3,-19890,-2384,1,1,0,0,6,1
5142239,0,1,1,0,270000,3,4,2,3,-16421,-8230,1,0,0,0,7,2
5117182,1,1,0,0,112500,0,2,2,3,-20570,365243,1,0,0,0,,2
5126308,0,0,0,0,112500,2,4,0,0,-12788,-531,1,1,1,0,1,1
5142118,1,0,0,1,225000,2,4,2,3,-18093,-2493,1,0,0,0,7,3
5068196,1,1,1,0,173250,2,2,2,3,-16273,-2362,1,1,0,0,9,2
5068692,1,0,1,0,148500,2,2,0,3,-11819,-962,1,0,0,0,3,1
5085780,1,0,1,0,315000,1,2,2,3,-17995,-4034,1,0,0,0,7,2
5096095,0,0,0,1,135000,2,2,2,3,-10728,-1619,1,1,1,0,5,3
5046093,0,0,1,0,157500,0,2,2,3,-23596,365243,1,0,0,0,,1
5142599,0,0,1,2,76500,3,4,2,3,-14595,-2143,1,0,0,0,,4
5045742,1,1,0,0,225000,1,4,2,3,-13271,-1569,1,0,0,0,,2
5053173,0,1,1,0,157500,2,2,2,3,-16712,-2393,1,0,0,0,1,2
5074735,1,1,1,2,216000,3,4,2,3,-11121,-2565,1,0,0,0,6,4
5036996,0,0,1,0,90000,0,2,1,3,-21117,365243,1,0,1,0,,1
5146410,1,0,1,0,211500,2,2,0,3,-10072,-1101,1,1,1,0,1,1
5054097,1,1,0,2,202500,2,4,2,3,-11736,-727,1,0,0,0,9,4
5050975,0,0,0,1,112500,3,2,0,3,-15964,-7591,1,0,0,0,1,2
5068340,0,1,1,0,112500,2,4,2,3,-10101,-505,1,1,1,0,3,2
5037254,1,0,0,0,166500,2,2,0,3,-8401,-450,1,0,0,1,3,1
5091921,0,0,1,2,72000,2,2,2,3,-15368,-5496,1,1,1,0,14,4
5139729,0,0,1,0,135000,2,2,2,3,-20463,-2319,1,0,0,0,8,2
5117605,0,0,0,0,157500,2,4,2,3,-14098,-2257,1,0,0,0,1,2
5029152,0,0,1,1,67500,3,2,2,3,-17947,-191,1,0,0,0,,3
5066465,0,1,1,0,135000,2,2,1,3,-16211,-1406,1,0,0,0,3,1
5117254,0,1,1,0,207000,3,4,2,3,-22398,-3506,1,0,0,0,14,2
5117551,1,1,0,1,148500,1,2,2,3,-12930,-2865,1,1,1,0,9,3
5079181,0,0,0,0,112500,1,3,2,3,-10177,-2339,1,0,1,0,,2
5028802,0,0,0,2,112500,2,2,2,3,-15766,-1086,1,0,0,0,3,4
5024838,0,0,1,0,202500,1,4,0,3,-14143,-2072,1,0,0,0,,1
5088279,0,0,0,0,67500,2,2,2,3,-20075,-7013,1,1,1,0,4,2
5079141,0,0,1,2,67500,2,2,1,3,-13868,-3008,1,1,0,0,4,3
5058286,0,0,1,0,306000,1,4,2,3,-14897,-3435,1,1,1,1,,2
5010218,0,1,1,1,90000,3,2,2,3,-17532,-8044,1,0,0,0,14,3
5112870,1,1,1,1,360000,2,2,2,3,-20998,-2932,1,0,1,0,3,3
5061253,0,0,1,0,112500,2,3,2,3,-9301,-1751,1,0,0,0,,2
5046191,1,1,1,2,270000,1,4,2,3,-17280,-565,1,1,0,0,7,4
5094884,1,0,1,0,450000,1,2,0,-1,-10363,-1282,1,0,0,0,7,1
5146296,0,0,0,0,67500,2,2,2,3,-18029,-3902,1,1,0,0,13,2
5033966,0,0,1,0,180000,1,2,2,3,-15103,-3154,1,0,0,0,4,2
5065571,1,1,1,0,270000,1,2,2,3,-18218,-1539,1,0,0,0,9,2
5023475,0,1,1,0,315000,0,2,0,3,-21012,365243,1,0,0,0,,1
5035866,0,0,1,0,247500,1,2,2,3,-17656,-1225,1,0,0,0,2,2
5088501,1,1,1,0,72000,2,4,2,3,-21897,-619,1,0,0,0,13,2
5028990,0,0,0,2,81000,2,1,0,3,-15373,-2333,1,0,0,0,4,3
5126503,0,0,0,0,171000,0,2,2,3,-20977,365243,1,0,1,0,,2
5023209,0,0,0,1,135000,1,2,2,3,-14438,-235,1,0,0,0,4,3
5142860,0,0,0,0,135000,2,2,2,3,-14080,-1869,1,0,1,0,,2
5087852,0,1,0,0,202500,3,2,2,3,-19598,-11940,1,0,1,0,14,2
5061896,1,0,1,1,292500,3,4,2,3,-16833,-3515,1,0,0,1,1,3
5044940,1,0,1,2,360000,3,4,2,3,-16027,-5639,1,0,1,0,7,4
5048610,0,0,1,0,315000,2,2,1,3,-15256,-3291,1,0,0,0,3,1
5113711,0,1,1,1,405000,3,2,2,3,-16962,-407,1,0,1,1,3,3
5069199,0,1,1,1,225000,1,2,2,3,-13591,-3246,1,0,0,0,4,3
5091101,1,0,1,0,198000,0,4,2,3,-24662,365243,1,0,0,0,,2
5033496,1,1,0,1,202500,1,4,2,-1,-9956,-444,1,0,0,0,7,3
5132752,1,0,1,0,90000,2,2,0,3,-10569,-226,1,1,1,0,9,1
5018471,0,0,1,1,166500,2,2,2,3,-20208,-8033,1,0,1,0,,3
5096059,0,0,0,2,73350,2,2,2,3,-14321,-7068,1,0,0,0,14,4
5036958,1,1,1,1,135000,2,2,2,3,-12048,-1923,1,1,1,0,3,3
5038619,0,0,0,0,103500,0,2,2,3,-24346,365243,1,0,0,0,,2
5048448,0,0,1,0,202500,0,2,2,3,,365243,1,0,0,0,,2
5053293,0,0,1,0,76500,0,2,2,1,-20382,365243,1,0,0,0,,2
5117022,1,1,1,2,225000,2,2,2,3,-12462,-279,1,1,0,0,3,4
5143362,0,0,1,0,126000,2,2,2,3,-22811,-2234,1,1,1,0,6,2
5137163,0,0,0,0,211500,2,2,2,3,-17249,-1661,1,1,1,0,,2
5054064,1,0,0,1,157500,2,2,2,3,-16424,-1458,1,0,0,0,9,3
5145968,0,0,1,0,112500,0,2,2,3,-23018,365243,1,0,0,0,,1
5065705,1,1,1,0,225000,0,2,0,3,-17454,365243,1,0,1,0,,1
5051187,1,1,0,0,135000,2,2,0,3,-12260,-896,1,0,0,0,1,1
5067203,1,0,0,1,405000,2,2,2,-1,-12675,-1328,1,0,0,0,9,3
5116714,0,0,0,0,135000,1,2,1,1,-19124,-670,1,0,0,0,,1
5045069,0,0,0,0,112500,2,2,2,3,-10344,-2533,1,0,0,0,3,2
5042130,0,0,0,0,247500,2,4,2,3,-14136,-7400,1,1,1,0,7,2
5066879,1,1,1,0,270000,2,2,0,3,-13805,-1557,1,0,0,0,3,1
5047787,0,1,1,0,225000,1,4,2,3,-10457,-979,1,0,0,0,,2
5062131,1,1,1,0,90000,0,2,2,3,-22129,365243,1,0,0,0,,2
5023692,0,0,1,0,135000,2,2,0,3,-15036,-3339,1,0,0,0,,1
5028907,0,0,0,0,67500,2,2,2,3,-9963,-1876,1,0,0,0,4,2
5113861,1,0,0,0,135000,2,2,2,3,-10368,-1259,1,1,0,0,6,2
5009301,0,0,0,0,193500,2,2,0,1,-16099,-1866,1,0,1,0,3,1
5135705,0,0,0,0,135000,2,2,2,3,-11004,-1570,1,0,0,0,15,2
5023616,1,1,1,0,202500,1,2,2,3,-17585,-235,1,0,0,0,9,2
5028468,0,1,1,2,135000,2,2,2,3,-12406,-265,1,0,0,1,9,4
5113374,0,0,1,1,180000,0,4,2,3,-18979,365243,1,0,1,0,,3
5125775,0,0,1,0,112500,2,2,2,3,-23360,-469,1,0,0,0,,2
5051156,1,0,0,1,247500,2,4,0,3,-13816,-1870,1,0,0,0,3,2
5143046,1,1,0,2,360000,2,2,2,3,-16030,-2540,1,1,0,0,9,4
5114060,1,1,0,1,193500,2,4,2,3,-17932,-3999,1,1,1,0,,3
5113171,0,1,1,1,67500,2,2,2,3,-11454,-1678,1,0,1,1,2,3
5078805,0,0,1,0,306000,2,2,2,3,-18927,-2978,1,0,0,0,6,2
5088205,0,0,1,0,153000,0,2,1,3,-21778,365243,1,0,1,0,,1
5112975,0,0,0,3,171000,2,2,2,3,-13692,-3505,1,1,1,0,6,5
5022789,0,0,0,0,112500,2,2,1,3,-12369,-187,1,0,0,0,1,1
5028302,1,1,1,0,360000,1,3,2,3,-19834,-477,1,0,0,0,7,2
5146558,1,0,1,2,157500,2,2,2,3,-15031,-1436,1,0,0,0,3,4
5029400,0,0,0,0,112500,0,2,2,3,-19125,365243,1,0,0,0,,2
5009207,0,0,0,0,292500,3,2,2,3,-20953,-8684,1,1,1,0,5,2
5022449,0,0,0,0,315000,2,2,1,3,-17570,-1978,1,0,0,1,1,1
5044818,0,0,1,0,135000,2,4,0,3,-9100,-1133,1,0,0,0,7,1
5089070,1,0,0,3,180000,2,2,2,3,-14243,-3535,1,0,0,0,3,5
5041367,0,0,0,0,180000,3,3,2,3,-10315,-2985,1,0,0,0,1,2
5050485,0,0,0,0,292500,1,2,2,3,-18698,-10758,1,0,0,0,3,2
5062296,0,0,1,0,135000,0,3,1,3,-20388,365243,1,0,0,0,,1
5090039,1,0,0,1,225000,2,4,2,3,-13747,-6273,1,0,0,0,1,3
5069296,0,0,1,0,225000,0,2,2,3,-20989,365243,1,0,0,0,,2
5058271,0,0,1,0,135000,2,2,2,3,-19607,-4288,1,0,0,0,10,2
5047929,1,1,0,0,292500,2,2,0,3,-13999,-1526,1,0,1,0,9,1
5054228,0,0,0,2,180000,2,2,2,3,-11515,-89,1,1,0,0,7,4
5023527,0,0,1,0,274500,1,2,2,3,-20459,-6930,1,0,0,0,6,2
5088433,0,0,1,0,225000,2,2,0,3,-17840,-1807,1,0,0,0,1,1
5009567,1,1,0,0,180000,2,2,2,3,-15153,-3143,1,1,1,0,3,2
5148915,1,1,0,2,225000,1,2,2,3,-14636,-3850,1,0,0,0,,4
5053646,1,0,0,0,360000,1,4,2,3,-20354,-1823,1,0,1,0,7,2
5035546,0,0,1,0,126000,0,2,2,3,-24387,365243,1,0,0,0,,1
5118472,1,0,0,0,180000,2,2,2,3,-9978,-1649,1,0,1,0,9,2
5111178,0,0,1,2,54000,2,4,2,3,-11268,-4560,1,1,0,0,8,4
5065808,0,0,0,1,76500,2,4,2,3,-15915,-785,1,1,1,0,4,3
5091771,1,0,1,0,247500,2,2,2,3,-17454,-2361,1,0,0,0,3,2
5010010,0,0,1,1,112500,3,3,2,3,-10926,-3570,1,0,1,0,17,3
5148573,0,0,1,0,81000,0,2,2,3,-20848,365243,1,0,0,0,,2
5096729,1,1,0,0,135000,1,2,2,3,-10910,-2349,1,1,0,0,3,2
5092021,0,0,1,0,135000,2,2,2,3,-13211,-777,1,1,1,0,1,2
5046083,0,1,1,0,99000,2,2,2,3,-21030,-2299,1,0,0,0,,2
5096085,0,0,0,0,67500,2,2,2,1,-18165,-11451,1,0,0,0,2,2
5092147,1,1,1,0,,2,2,0,3,-10386,-412,1,1,0,0,,1
5142953,1,0,0,1,202500,2,2,1,3,-8274,-742,1,1,1,0,3,2
5061135,0,0,1,2,58500,2,4,2,3,-14228,-5950,1,0,0,0,1,4
5010172,0,0,1,0,135000,1,2,2,3,-21300,-464,1,0,0,0,3,2
5068523,0,0,1,0,135000,2,2,0,3,-12360,-385,1,0,0,1,3,1
5087756,0,0,0,0,180000,2,2,2,3,-15280,-2475,1,0,0,0,4,2
5132845,0,0,1,0,112500,3,2,2,3,-17493,-3694,1,0,0,1,14,2
5116046,0,1,1,0,144000,2,2,2,3,-13455,-2051,1,0,0,0,1,2
5091983,1,0,1,0,112500,1,4,2,3,-21601,-808,1,1,0,1,7,2
5062106,1,1,1,0,135000,1,2,2,3,-19008,-3607,1,0,0,0,7,2
5052806,0,0,1,0,81000,2,2,0,3,-19210,-2454,1,0,1,0,,1
5095952,0,0,0,2,193500,2,4,2,-1,-15011,-7614,1,1,1,0,,4
5022458,1,1,1,1,144000,2,2,2,3,-8696,-1070,1,0,0,1,9,3
5149647,0,0,1,0,292500,0,2,0,3,-22576,365243,1,0,0,0,,1
5114438,0,0,1,1,157500,2,2,2,3,-17262,-1107,1,1,1,0,4,3
5112737,1,1,1,0,315000,2,4,2,3,-18335,-2796,1,0,0,0,9,2
5024038,0,0,0,0,135000,2,2,2,3,-15459,-642,1,0,0,0,4,2
5139846,1,1,1,0,202500,1,2,2,2,-10482,-2654,1,0,0,0,,2
5140019,0,1,1,1,180000,1,2,0,3,-11348,-1436,1,0,0,0,15,2
5104868,0,0,1,0,112500,2,4,2,3,-12114,-4004,1,0,0,0,5,2
5062525,0,0,1,1,112500,2,4,2,3,-13656,-2207,1,0,1,0,4,3
5118118,1,0,0,1,270000,1,2,2,3,-13538,-5422,1,1,1,0,9,3
5044669,0,0,1,0,76500,0,2,2,3,,365243,1,0,0,0,,2
5054384,1,1,0,0,292500,1,4,0,3,-14050,-3680,1,1,1,0,3,1
5085768,1,1,1,1,405000,3,4,2,3,-11532,-4917,1,0,0,0,7,3
5097105,0,0,1,0,193500,2,2,2,3,-21026,-11448,1,0,1,0,,2
5023706,0,0,1,0,180000,2,2,2,3,-17733,-5622,1,0,1,0,3,2
5046183,0,0,1,2,115200,1,2,2,3,-14876,-716,1,0,0,0,3,4
5142930,0,1,0,0,56250,0,2,2,3,-21342,365243,1,0,0,0,,2
5145920,1,1,1,1,180000,1,4,2,3,-15131,-1466,1,0,0,1,,3
5069028,0,0,1,0,157500,1,2,2,3,-16605,-1359,1,0,0,1,4,2
5010498,1,1,1,1,202500,2,2,2,3,-10218,-313,1,1,0,0,,3
5091564,0,1,1,1,135000,2,2,2,3,-14935,-1753,1,0,1,0,4,3
5149887,0,0,1,0,202500,1,2,2,3,-15941,-5830,1,0,0,0,7,2
5052952,0,0,1,0,157500,0,2,2,3,-24340,365243,1,0,1,0,,1
5116801,1,0,1,1,225000,2,2,2,3,-16286,-1677,1,0,0,0,9,3
5089556,0,1,0,0,,2,3,0,3,-11406,-3078,1,1,0,0,7,1
5091639,1,1,1,0,202500,2,2,0,3,-18093,-3061,1,0,0,0,,1
5116817,1,0,1,0,85500,3,2,1,0,-16542,-8737,1,1,1,0,1,1
5036936,0,0,1,0,157500,0,2,1,3,-22362,365243,1,0,0,0,,1
5022930,0,0,1,0,270000,2,4,2,3,-9154,-187,1,0,0,1,3,2
5148732,0,0,1,1,157500,2,2,1,1,-13355,-625,1,0,0,0,4,2
5023877,0,0,1,0,360000,0,4,2,3,-22985,365243,1,0,1,0,,2
5061139,0,1,1,0,90000,0,2,2,3,-21454,365243,1,0,0,0,,2
5010435,0,0,1,0,90000,0,2,2,3,-21518,365243,1,0,0,0,,2
5090310,1,1,1,0,135000,0,2,2,3,-24580,365243,1,0,0,0,,2
5026539,0,0,1,0,112500,2,2,0,3,-15839,-1381,1,0,1,0,6,1
5048478,1,1,0,0,225000,2,2,0,3,-9187,-308,1,0,0,0,1,1
5052762,1,1,1,0,225000,1,4,0,3,-11728,-932,1,0,0,1,,1
5067767,0,0,1,0,202500,3,2,0,3,-23341,-5437,1,0,0,0,14,1
5056179,0,0,1,0,202500,1,4,2,3,-9663,-218,1,0,0,0,,2
5045537,1,1,0,2,225000,3,4,2,-1,-10937,-1539,1,0,0,0,6,4
5053980,0,1,0,0,108000,2,2,2,-1,-12249,-3195,1,1,0,0,,2
5092349,0,0,1,0,225000,2,2,2,3,-19252,-2057,1,0,0,0,4,1
5090383,0,1,1,0,180000,1,2,2,3,-15421,-1198,1,0,1,0,3,2
5088687,1,0,1,1,135000,2,2,2,3,-18719,-1473,1,1,1,0,3,3
5105466,0,0,1,0,112500,0,2,2,3,-21074,365243,1,0,0,0,,2
5089117,0,1,0,0,90000,2,4,0,3,-15969,-5483,1,1,1,0,1,1
5117497,1,0,1,0,90000,1,2,2,3,-16459,-704,1,1,0,0,10,2
5112599,0,0,1,0,103500,2,2,2,3,-22466,-12870,1,1,1,0,7,2
5126121,0,1,0,0,72000,2,2,2,3,-15185,-227,1,1,1,0,14,2
5125710,0,1,1,0,135000,2,1,2,3,-16413,-622,1,0,1,0,6,2
5148972,1,1,1,0,495000,2,2,0,2,-14358,-5373,1,0,0,0,2,1
5117233,1,0,1,0,135000,2,2,2,3,-13826,-7128,1,0,0,0,3,2
5142733,1,0,0,1,360000,2,4,2,3,-11112,-469,1,1,1,0,7,3
5089736,0,1,0,0,135000,2,2,2,3,-19010,-6761,1,1,1,0,8,2
5021214,1,1,1,1,225000,3,4,2,3,-12763,-2255,1,0,1,0,1,3
5044809,0,0,1,0,135000,2,4,0,3,-9100,-1133,1,0,0,0,7,1
5037088,0,0,1,0,81000,0,2,2,3,-21490,365243,1,0,0,0,,2
5068712,0,1,1,0,90000,2,2,2,3,-13483,-5345,1,0,0,0,3,2
5142153,1,1,1,0,450000,2,2,0,3,-15960,-3574,1,0,0,0,6,1
5146045,0,0,1,0,360000,1,2,0,3,-18577,-2441,1,0,0,0,5,1
5142529,1,0,1,0,225000,3,4,2,3,-9006,-164,1,0,0,0,,2
5091630,0,0,1,0,202500,2,2,2,3,-19431,-6226,1,0,0,0,6,2
5023089,0,0,0,0,202500,2,2,1,3,-16868,-4161,1,0,0,0,3,1
5142698,0,1,0,0,95850,1,2,2,3,-18931,-6678,1,1,0,0,3,2
5105550,0,0,1,0,112500,2,4,2,-1,-9310,-825,1,0,0,0,1,2
5149799,0,0,1,0,126000,1,2,2,1,-10418,-2024,1,1,1,0,3,2
5036219,0,0,1,0,99000,2,2,2,3,-15590,-890,1,0,0,0,4,2
5061246,0,0,1,0,112500,2,3,2,3,-9301,-1751,1,0,0,0,,2
5135851,0,0,1,1,180000,1,2,2,3,-16234,-6075,1,0,1,0,3,3
5009663,1,0,0,0,225000,2,4,0,3,-10166,-1774,1,1,0,0,,1
5146002,1,1,1,0,225000,2,2,0,3,-10177,-189,1,0,0,1,7,1
5125203,0,0,1,0,202500,2,3,0,3,-18596,-7288,1,0,0,0,1,1
5148525,0,0,1,0,180000,0,2,2,3,-23365,365243,1,0,0,0,,2
5148748,0,1,1,1,135000,1,3,2,3,-11469,-686,1,0,1,0,,3
5024582,0,1,1,2,315000,3,2,2,3,-12348,-1220,1,0,0,0,7,4
5105878,0,0,0,1,387000,1,4,2,3,-15220,-727,1,0,0,0,,3
5010874,0,0,1,0,45000,0,2,2,3,-20688,365243,1,0,1,0,,2
5099948,0,1,0,0,185400,1,2,2,3,-14747,-3229,1,0,0,0,3,2
5096415,0,0,0,0,76500,2,2,2,3,-16876,-97,1,1,0,0,,2
5096609,0,1,0,1,225000,2,4,2,3,-13528,-980,1,1,1,0,1,3
5148669,1,1,1,1,810000,1,3,2,2,-17922,-3455,1,0,0,0,13,3
5090027,0,0,1,0,126000,2,4,2,3,-10075,-460,1,0,1,1,1,2
5132329,0,0,0,0,135000,0,2,2,3,-22752,365243,1,0,0,0,,2
5125277,0,0,1,1,90000,2,2,2,3,-16280,-3694,1,0,0,1,4,3
5067006,1,0,1,1,157500,2,2,2,3,-20315,-5454,1,0,0,0,3,3
5022063,0,0,1,0,180000,0,4,2,3,-20135,365243,1,0,1,0,,2
5126108,0,0,1,0,112500,3,2,0,3,-20577,-13010,1,1,0,0,1,1
5038723,1,1,1,1,270000,0,2,2,3,-15493,365243,1,0,0,0,,3
5054079,0,0,0,0,135000,2,2,2,3,-17143,-5507,1,0,1,0,,2
5096483,0,0,0,0,103500,2,4,2,3,-15989,-6640,1,1,1,0,,2
5025951,0,0,1,0,130500,2,2,2,3,-13520,-5488,1,0,0,0,1,2
5010995,0,0,1,0,90000,2,2,2,3,-20074,-221,1,0,0,0,14,2
5117622,1,1,0,2,112500,2,4,2,3,-14659,-127,1,0,0,0,9,4
5091826,0,0,1,0,157500,0,2,2,3,-23627,365243,1,0,0,0,,2
5065723,0,0,1,1,202500,3,2,2,3,-15975,-8760,1,0,0,0,15,3
5044594,1,0,1,0,67500,0,2,1,3,-22351,365243,1,0,1,0,,1
5125425,0,1,1,1,189000,2,1,2,3,-16344,-864,1,0,0,1,1,3
5135474,0,0,1,0,180000,2,2,2,3,-19881,-7718,1,0,0,0,17,2
5085865,0,0,1,0,135000,2,2,2,3,-18199,-5190,1,0,0,0,8,2
5113180,1,1,1,0,135000,1,4,2,3,-17538,-613,1,0,0,0,1,2
5069466,0,1,1,0,166500,2,2,2,3,-12192,-3123,1,0,0,0,3,2
5025089,0,0,1,0,90000,0,2,2,3,-22034,365243,1,0,0,0,,2
5009269,1,1,0,0,337500,3,4,2,-1,-10266,-1652,1,1,1,0,7,2
5010226,0,1,1,1,90000,3,2,2,3,-17532,-8044,1,0,0,0,14,3
5021790,0,1,1,2,157500,2,2,2,3,-15021,-6879,1,0,0,0,6,4
5143374,0,0,0,0,112500,0,2,2,3,-24001,365243,1,0,0,0,,2
5036474,1,1,0,2,180000,1,4,2,3,-15716,-2673,1,0,0,0,7,4
5037202,0,1,1,1,112500,2,4,2,3,-9032,-420,1,0,0,0,7,3
5092020,0,0,1,0,135000,2,2,2,3,-13211,-777,1,1,1,0,1,2
5142849,0,0,0,0,135000,2,2,2,3,-14080,-1869,1,0,1,0,,2
5069141,0,0,0,0,135000,1,4,2,-1,-15360,-413,1,0,0,1,1,2
5035431,1,1,1,0,,2,2,0,3,-14138,-1072,1,0,0,0,9,1
5090464,0,0,0,0,126000,1,2,2,3,-16708,-5760,1,1,0,0,7,2
5149296,0,1,1,0,247500,1,4,2,3,-14462,-1871,1,0,1,1,,2
5023914,0,0,1,2,184500,2,2,2,3,-9912,-1707,1,1,1,0,4,4
5079004,0,0,1,0,165600,0,2,2,3,-21383,365243,1,0,1,0,,1
5112736,1,1,1,0,315000,2,4,2,3,-18335,-2796,1,0,0,0,9,2
5023147,0,0,0,0,112500,0,2,0,3,-21135,365243,1,0,0,0,,1
5050619,1,1,0,0,112500,2,2,2,3,-10004,-1962,1,0,1,0,,2
5052606,1,0,1,0,202500,1,2,0,2,-18785,-1598,1,0,0,0,,1
5036870,0,0,1,0,72000,0,2,2,3,-21821,365243,1,0,0,0,,2
5021551,0,0,1,0,202500,1,2,2,3,-20870,-1583,1,0,0,0,14,2
5067242,0,1,1,0,391500,2,2,2,3,-16995,-7264,1,0,0,0,1,2
5068807,1,1,1,1,112500,2,4,2,3,-11809,-536,1,0,0,1,5,3
5024666,0,0,1,0,157500,2,2,2,3,-14425,-4568,1,1,1,0,3,2
5089497,0,0,0,1,112500,2,2,2,3,-19931,-1313,1,0,0,0,,2
5045623,0,0,1,1,270000,3,2,2,3,-14400,-2512,1,0,0,0,14,3
5091822,1,0,1,0,270000,1,2,0,3,-14638,-5891,1,0,0,0,3,1
5114227,1,1,0,2,247500,2,2,2,3,-18338,-5673,1,1,0,0,3,4
5067259,1,1,1,0,360000,0,2,2,3,-20859,365243,1,0,0,1,,2
5068320,0,0,1,0,189000,0,4,1,3,-22655,365243,1,0,0,0,,1
5116621,0,1,1,1,157500,3,2,2,3,-13811,-3380,1,0,0,0,3,3
5091925,0,1,1,0,405000,1,3,2,3,-18517,-3944,1,0,1,0,,2
5041758,0,0,1,0,157500,3,4,2,3,-15145,-3654,1,0,1,0,7,2
5025936,0,0,1,0,130500,2,2,2,3,-13520,-5488,1,0,0,0,1,2
5041540,0,0,1,1,135000,0,2,2,3,-19295,365243,1,0,0,0,,3
5061145,0,1,1,0,90000,0,2,2,3,-21454,365243,1,0,0,0,,2
5033608,0,0,0,0,67500,1,2,2,3,-18989,-171,1,0,0,0,3,2
5146456,0,0,1,0,135000,1,2,2,3,-15407,-1801,1,0,0,0,12,2
5091369,1,1,1,0,247500,2,2,2,3,-15366,-1266,1,1,1,0,9,2
5142547,0,1,1,0,157500,1,4,0,3,,-1138,1,0,0,0,15,1
5091708,0,1,1,0,135000,2,4,2,3,-12274,-3944,1,0,0,0,7,2
5022136,0,0,1,0,126000,0,2,2,3,-20681,365243,1,0,0,0,,2
5088181,0,0,0,0,180000,2,3,2,3,-19629,-1897,1,1,1,0,1,1
5104981,0,0,0,0,112500,0,2,1,1,-21629,365243,1,0,0,0,,1
5093248,0,0,1,0,247500,1,4,2,3,-11914,-2980,1,0,0,0,4,2
5145970,0,0,1,0,112500,0,2,2,3,-23018,365243,1,0,0,0,,1
5112738,1,1,1,0,315000,2,4,2,3,-18335,-2796,1,0,0,0,9,2
5143219,0,0,1,0,67500,0,1,0,3,-22145,365243,1,0,0,0,,1
5069007,1,1,1,0,337500,2,4,2,-1,-10622,-1175,1,0,0,0,3,2
5113801,0,0,1,1,337500,2,2,2,3,-12790,-3329,1,0,0,1,1,3
5054625,0,0,1,0,112500,0,2,2,3,-22034,365243,1,0,0,0,,1
5054733,0,0,0,1,157500,1,4,2,3,-11042,-1581,1,0,0,0,6,3
5050482,0,0,0,0,292500,1,2,2,3,-18698,-10758,1,0,0,0,3,2
5142691,1,1,0,2,135000,3,2,2,3,-14038,-6558,1,1,1,0,1,4
5067696,1,1,1,0,450000,2,4,2,3,-19087,-4434,1,0,1,0,7,2
5105577,0,0,0,0,180000,2,2,2,1,-12024,-210,1,1,1,0,4,2
5033714,1,0,1,1,135000,2,2,2,3,-13782,-3032,1,1,1,0,13,3
5062016,0,0,0,0,180000,1,2,0,3,-11342,-2389,1,0,0,0,,1
5045798,0,1,0,0,202500,2,4,2,3,-9242,-139,1,0,0,0,5,2
5066915,1,1,1,0,180000,2,4,2,-1,-11089,-1467,1,0,0,0,3,2
5088853,0,1,1,0,112500,2,4,2,3,-11353,-2316,1,0,0,1,5,2
5037169,1,1,1,0,135000,0,2,2,3,-24510,365243,1,0,0,0,,2
5142752,0,0,0,0,81000,2,2,0,3,-17876,-377,1,1,1,0,15,1
5116056,0,0,0,0,135000,2,2,2,3,-17803,-10762,1,0,0,0,5,2
5143025,1,0,0,0,270000,2,2,2,-1,-11768,-622,1,1,1,0,3,2
5091549,0,0,1,0,247500,1,2,2,3,-12309,-2788,1,0,1,0,3,2
5061161,1,1,1,3,202500,2,2,2,3,-13300,-3668,1,0,1,0,,5
5142248,0,0,1,0,225000,3,2,2,3,-19826,-2340,1,0,0,0,15,2
5068262,0,0,0,2,157500,3,4,2,3,-12636,-5345,1,0,0,0,14,4
5090415,0,1,0,0,216000,2,2,0,3,-19765,-9925,1,1,1,0,,1
5100010,1,1,0,0,202500,2,2,2,3,,-918,1,1,1,0,3,2
5068843,0,0,1,0,135000,2,2,0,3,-22751,-4219,1,1,1,0,17,1
5114166,1,1,0,1,247500,2,4,2,3,-9296,-194,1,1,0,1,,3
5105715,0,0,1,0,180000,2,2,2,3,-13856,-3010,1,0,0,0,3,2
5105842,1,1,1,0,67500,0,2,2,3,-22981,365243,1,0,0,0,,2
5145964,0,0,0,2,130500,2,2,2,3,-15436,-3476,1,0,0,0,4,4
5089658,0,0,0,0,99000,1,2,0,3,-16378,-370,1,1,0,0,1,1
5068233,1,0,1,1,112500,3,2,2,3,-13885,-232,1,0,0,0,3,3
5113259,0,1,1,0,247500,2,2,0,-1,-11770,-285,1,0,0,0,4,1
5052622,1,1,1,1,180000,1,2,2,3,-15988,-1994,1,0,1,0,6,3
5137151,0,0,0,0,225000,0,2,2,3,-20429,365243,1,0,1,0,,2
5095423,1,1,1,0,405000,2,4,2,3,-11723,-1830,1,1,0,1,,2
5058408,1,1,1,0,247500,2,4,2,3,-12843,-2609,1,0,0,0,7,2
5068324,0,0,1,0,171000,2,4,2,3,-18348,-3853,1,0,0,0,6,2
5022156,0,1,1,2,180000,1,4,2,3,-11719,-2866,1,0,1,1,,4
5137365,1,1,0,0,337500,2,2,2,3,-14479,-1022,1,0,1,0,9,2
5068811,0,0,1,0,315000,1,2,2,3,-14419,-2423,1,0,0,0,,2
5068238,0,0,1,0,247500,2,2,2,3,-11268,-2545,1,1,1,0,3,2
5046495,0,0,1,0,180000,0,2,2,3,-21554,365243,1,0,0,0,,2
5023491,1,1,1,0,83250,2,2,2,3,-20592,-6230,1,1,1,1,,2
5125510,1,0,1,1,202500,1,2,2,3,-14952,-104,1,0,1,0,13,3
5113401,1,1,1,0,450000,1,4,0,3,-10837,-588,1,0,0,1,4,1
5010202,1,1,1,0,135000,2,1,2,-1,-9981,-1866,1,0,0,1,3,2
5143175,1,1,0,0,225000,1,2,0,3,-17473,-2631,1,0,0,0,7,1
5041739,1,0,1,1,157500,2,2,2,3,-12585,-367,1,0,0,0,4,3
5048217,1,1,1,1,270000,1,2,2,3,-12250,-857,1,0,0,0,3,3
5091382,0,1,1,2,216000,2,4,2,3,-12757,-4887,1,0,0,0,1,4
5143314,1,0,1,0,114750,0,2,1,3,-21268,365243,1,0,0,0,,1
5009918,0,0,1,2,99000,1,4,2,3,-12752,-433,1,0,1,0,5,4
5024238,0,0,1,0,47250,0,2,2,1,-21414,365243,1,0,1,0,,2
5114427,0,0,0,0,49500,0,2,2,3,-23753,365243,1,0,0,0,,2
5091406,0,0,1,0,135000,2,2,0,3,-17579,-1904,1,1,0,0,3,1
5023816,0,1,1,1,225000,1,4,2,3,-17002,-803,1,1,1,0,7,3
5126562,0,0,0,0,450000,2,4,2,3,-11082,-3361,1,0,0,0,4,2
5054775,1,0,1,0,225000,2,2,2,3,-21362,-1520,1,0,0,0,3,2
5091171,1,0,1,0,90000,0,2,2,3,-23969,365243,1,0,0,0,,2
5062011,0,0,0,0,180000,1,2,0,3,-11342,-2389,1,0,0,0,,1
5062407,0,0,1,0,103500,0,2,2,3,-24094,365243,1,0,1,0,,1
5094926,0,1,1,0,135000,1,2,2,3,-12175,-1463,1,1,0,0,1,2
5067312,0,1,1,0,225000,0,2,2,3,-22920,365243,1,0,0,0,,2
5125462,1,0,1,1,112500,2,2,2,3,-18394,-5155,1,0,0,0,3,3
5114240,0,0,0,0,270000,2,2,2,3,-16723,-712,1,1,0,0,7,2
5068367,0,1,1,1,270000,2,2,2,3,-14084,-3246,1,0,0,0,3,3
5051120,1,0,0,0,202500,3,4,2,3,-12725,-5006,1,0,0,0,1,2
5114348,1,1,0,0,180000,1,2,2,1,-9810,-2993,1,1,0,0,,2
5067506,1,0,1,0,180000,2,1,2,3,-13024,-2191,1,0,0,0,7,2
5118441,0,1,0,1,108000,1,4,2,3,-16138,-431,1,1,0,0,4,3
5054343,0,1,0,0,225000,2,2,2,3,-20641,-1064,1,0,1,0,4,2
5009000,1,1,1,0,157500,2,2,2,3,-9927,-828,1,0,0,0,9,2
5090302,0,0,1,0,405000,1,2,2,3,-17427,-4874,1,0,0,1,4,2
5067299,1,0,1,0,225000,1,2,0,3,-9149,-1217,1,0,0,1,3,1
5010344,0,0,0,0,216000,0,2,2,3,-22867,365243,1,0,0,0,,2
5011032,0,0,1,1,135000,2,1,2,3,-17489,-7557,1,0,1,0,,3
5038582,0,0,1,0,112500,0,2,2,3,-24327,365243,1,0,0,0,,2
5067729,0,0,1,1,135000,1,3,2,3,-10288,-2616,1,1,1,0,7,3
5067638,0,0,1,0,157500,0,2,0,3,-22922,365243,1,0,1,0,,1
5010795,0,0,0,0,45000,3,2,2,3,-13941,-5334,1,1,1,0,14,2
5116594,1,1,0,0,157500,2,4,2,3,-15602,-611,1,0,0,0,,2
5068310,1,0,1,1,198000,1,3,0,3,-9649,-140,1,0,0,0,7,2
5087880,0,0,0,0,234000,3,4,2,3,-21967,-5215,1,0,0,1,1,2
5125172,0,1,1,0,157500,2,2,2,3,-15023,-438,1,0,0,0,3,2
5117190,0,0,1,3,207000,1,2,2,3,-15267,-461,1,1,1,0,,4
5009798,0,0,0,0,198000,0,2,2,3,-22002,365243,1,0,1,0,,1
5024077,0,1,1,0,157500,0,2,2,3,-20432,365243,1,0,0,0,,1
5118580,0,1,1,0,180000,2,2,2,3,-13052,-1741,1,0,0,0,3,2
5053535,0,0,1,0,216000,0,4,0,3,-20388,365243,1,0,0,0,,1
5045070,0,0,0,0,112500,2,2,2,3,-10344,-2533,1,0,0,0,3,2
5062334,0,0,0,0,94500,2,4,2,3,-9071,-958,1,0,0,0,,2
5051097,0,0,0,0,69750,0,2,2,1,-21986,365243,1,0,1,0,,1
5021968,0,0,0,1,103500,2,2,2,3,-11720,-1191,1,0,0,0,4,3
5028858,1,1,1,1,157500,2,2,2,3,-13867,-3095,1,0,0,0,3,3
5067182,0,0,1,0,112500,2,4,2,3,-11432,-820,1,1,0,0,1,2
5112652,0,0,0,0,67500,2,2,2,-1,-16182,-2827,1,1,1,0,2,2
5115523,0,0,1,3,112500,2,2,2,3,-13020,-3693,1,0,0,0,1,5
5105069,1,0,1,0,157500,2,3,2,3,-13682,-453,1,1,1,0,,2
5079127,1,0,1,0,270000,2,4,2,3,-11944,-2262,1,0,0,0,3,2
5088689,1,0,1,1,135000,2,2,2,3,-18719,-1473,1,1,1,0,3,3
5132784,1,1,1,0,112500,2,2,0,3,-8854,-195,1,1,0,0,3,1
5048458,0,1,1,1,126000,2,4,2,3,-9441,-157,1,0,0,0,,3
5023719,0,1,1,0,175500,0,4,2,3,-22077,365243,1,0,1,0,,2
5065477,1,0,0,1,148500,2,2,2,3,-13574,-109,1,0,0,0,3,3
5024096,0,1,0,0,126000,3,3,0,3,-11978,-5206,1,1,0,0,1,1
5033520,0,1,1,3,180000,2,2,2,1,-12559,-5862,1,0,1,0,14,5
5028612,1,1,1,0,225000,1,4,0,-1,-10681,-2152,1,0,1,0,4,1
5089954,1,0,1,1,126000,1,2,2,3,-12755,-2105,1,0,0,0,,3
5048642,0,0,0,0,157500,0,2,1,3,-24048,365243,1,0,0,0,,1
5125261,1,0,1,0,157500,1,4,2,3,-15423,-1200,1,1,1,0,,2
5100133,1,1,1,2,270000,1,4,2,3,-13955,-1891,1,0,0,0,9,4
5096856,1,1,1,0,180000,1,2,2,3,-17975,-3476,1,0,0,0,9,2
5089719,0,0,0,0,144000,2,2,2,3,-19984,-4662,1,0,1,0,,2
5033447,0,1,0,0,112500,1,4,2,3,-10828,-657,1,0,0,0,1,2
5090942,1,0,0,0,225000,1,2,2,3,-13336,-1436,1,0,0,0,10,2
5125816,0,1,0,0,450000,0,4,2,3,-19783,-5521,1,1,1,0,7,2
5149946,0,0,1,0,180000,2,4,2,3,-22228,-686,1,1,1,0,6,2
5024049,0,1,1,1,144000,2,4,2,3,-12903,-2924,1,0,0,0,5,3
5117065,0,0,1,2,225000,2,4,2,3,,-1648,1,1,1,0,5,4
5118268,1,1,0,1,360000,3,2,2,3,-11294,-3536,1,0,1,0,9,3
5028645,0,0,1,0,,1,4,2,3,-11957,-2182,1,0,0,0,7,2
5023655,0,0,0,0,225000,1,3,0,3,-10229,-1209,1,0,0,0,5,1
5115992,1,1,1,2,180000,2,4,2,3,-13174,-2477,1,0,0,0,7,4
5118219,1,1,0,0,270000,2,2,2,3,-15292,-645,1,1,1,0,9,2
5053790,0,1,1,0,225000,2,4,2,3,-16601,-2859,1,0,0,0,,2
